cause_name,icd10_code,is_chapter,total_mentions,reported_alone,pct_alone,pct_with_3plus,avg_co_causes
Viral hepatitis,B15-B19,FALSE,88.8,0,0,75.22522522522522,3.27027027027027
Chronic viral hepatitis,B18,FALSE,84.8,0,0,74.05660377358491,3.247641509433962
Nutritional anaemias,D50-D53,FALSE,50,0,0,56.00000000000001,2.82
Other coagulation defects,D68,FALSE,50.1,0,0,76.04790419161677,3.3343313373253496
Other immunodeficiencies,D84,FALSE,65.4,0,0,92.35474006116206,3.8409785932721707
Volume depletion,E86,FALSE,88.2,0,0,54.6485260770975,2.8582766439909295
Mood [affective] disorders,F30-F39,FALSE,97.1,0,0,68.07415036045313,3.1725025746652937
Depressive episode,F32,FALSE,76.4,0,0,72.5130890052356,3.294502617801047
Paraplegia and tetraplegia,G82,FALSE,64.9,0,0,55.31587057010785,2.8574730354391367
Gastro-oesophageal reflux disease,K21,FALSE,88.8,0,0,88.73873873873875,3.5686936936936937
Inguinal hernia,K40,FALSE,76.3,0,0,56.74967234600262,2.865661861074705
Unspecified abdominal hernia,K46,FALSE,56,0,0,75,3.3660714285714284
Other noninfective gastroenteritis and colitis,K52,FALSE,63,0,0,74.60317460317461,3.3095238095238093
Other local infections of skin and subcutaneous tissue,L08,FALSE,94.4,0,0,63.983050847457626,3.0105932203389827
Decubitus ulcer,L89,FALSE,74.8,0,0,51.87165775401069,2.699197860962567
Arthrosis,M15-M19,FALSE,118.4,0,0,79.72972972972973,3.3758445945945943
Other arthrosis,M19,FALSE,103.4,0,0,78.72340425531915,3.343326885880077
Spondylopathies,M45-M49,FALSE,107.7,0,0,70.28783658310121,3.136954503249768
Other inflammatory spondylopathies,M46,FALSE,68.5,0,0,67.88321167883211,3.1204379562043796
Urolithiasis,N20-N23,FALSE,104.2,0,0,82.72552783109404,3.4798464491362764
Calculus of kidney and ureter,N20,FALSE,96.1,0,0,83.35067637877212,3.4864724245577525
Hyperplasia of prostate,N40,FALSE,95,0,0,90.52631578947368,3.7473684210526317
"Fetus and newborn affected by maternal factors and by complications of pregnancy, labour and delivery",P00-P04,FALSE,305.1,0,0,24.614880367092752,2.0290068829891834
Fetus and newborn affected by maternal complications of pregnancy,P01,FALSE,120,0,0,20,1.9875
"Fetus and newborn affected by complications of placenta, cord and membranes",P02,FALSE,98.5,0,0,41.11675126903553,2.469543147208122
Cystic kidney disease,Q61,FALSE,70.2,0,0,54.41595441595442,2.793447293447293
CHAPTER XX External causes of morbidity and mortality,V01-Y98,TRUE,13313.1,0,0,73.80775326558052,3.2109388497044264
Transport accidents,V01-V99,FALSE,1451.5,0,0,33.24147433689287,2.060799173269032
Pedestrian injured in transport accident,V01-V09,FALSE,225.5,0,0,33.92461197339246,2.0720620842572064
"Pedestrian injured in collision with car, pick-up truck or van",V03,FALSE,157.1,0,0,29.98090388287715,1.9353914704010187
Motorcycle rider injured in transport accident,V20-V29,FALSE,295.2,0,0,32.58807588075881,2.027777777777778
"Motorcycle rider injured in collision with car, pick-up truck or van",V23,FALSE,123,0,0,26.82926829268293,1.9146341463414633
Motorcycle rider injured in collision with fixed or stationary object,V27,FALSE,93.4,0,0,45.39614561027837,2.3522483940042824
Car occupant injured in transport accident,V40-V49,FALSE,633.7,0,0,38.93009310399242,2.222423859870601
"Car occupant injured in collision with car, pick-up truck or van",V43,FALSE,203.2,0,0,26.673228346456696,1.941929133858268
Car occupant injured in collision with heavy transport vehicle or bus,V44,FALSE,82.2,0,0,34.30656934306569,2.063260340632603
Car occupant injured in collision with fixed or stationary object,V47,FALSE,242.2,0,0,49.628406275805126,2.531379025598679
Car occupant injured in noncollision transport accident,V48,FALSE,99.1,0,0,50.55499495459132,2.6190716448032294
Other land transport accidents,V80-V89,FALSE,129.3,0,0,24.207269914926528,1.996519721577726
"Motor- or nonmotor-vehicle accident, type of vehicle unspecified",V89,FALSE,51.4,0,0,14.396887159533076,1.5992217898832686
Other external causes of accidental injury,W00-X59,FALSE,7738.5,0,0,82.07662983782387,3.442624539639465
Falls,W00-W19,FALSE,4279.9,0,0,87.56980303278115,3.5918946704362256
"Fall on same level from slipping, tripping and stumbling",W01,FALSE,305.4,0,0,93.45121152586772,3.810412573673871
Fall involving bed,W06,FALSE,109.4,0,0,95.42961608775137,3.9872029250457035
Fall involving chair,W07,FALSE,60.8,0,0,95.06578947368422,4.011513157894737
Fall on and from stairs and steps,W10,FALSE,111.8,0,0,83.00536672629696,3.626118067978533
Other fall on same level,W18,FALSE,179.6,0,0,94.43207126948775,3.8602449888641424
Unspecified fall,W19,FALSE,3410.7,0,0,87.24601987861729,3.577813938487701
Exposure to inanimate mechanical forces,W20-W49,FALSE,106.5,0,0,48.35680751173709,2.7018779342723005
Accidental drowning and submersion,W65-W74,FALSE,233.6,0,0,37.071917808219176,2.242294520547945
Drowning and submersion while in natural water,W69,FALSE,122.2,0,0,32.89689034369886,2.108019639934534
Other accidental threats to breathing,W75-W84,FALSE,259.4,0,0,58.365458750963775,2.8496530454895916
Inhalation and ingestion of food causing obstruction of respiratory tract,W79,FALSE,104.6,0,0,63.67112810707457,2.9760994263862335
Inhalation and ingestion of other objects causing obstruction of respiratory tract,W80,FALSE,135.1,0,0,53.36787564766839,2.8019985196151
"Exposure to smoke, fire and flames",X00-X09,FALSE,77.6,0,0,63.917525773195884,2.9677835051546397
Exposure to uncontrolled fire in building or structure,X00,FALSE,63.7,0,0,70.17268445839875,3.1373626373626373
Exposure to forces of nature,X30-X39,FALSE,63.9,0,0,71.83098591549296,3.285602503912363
Accidental poisoning by and exposure to noxious substances,X40-X49,FALSE,1541.8,0,0,85.60124529770398,3.566545596056557
"Accidental poisoning by and exposure to antiepileptic, sedative-hypnotic, antiparkinsonism and psychotropic drugs, not elsewhere classified",X41,FALSE,336.6,0,0,82.174688057041,3.494652406417112
"Accidental poisoning by and exposure to narcotics and psychodysleptics [hallucinogens], not elsewhere classified",X42,FALSE,245.6,0,0,79.23452768729642,3.401058631921824
"Accidental poisoning by and exposure to other and unspecified drugs, medicaments and biological substances",X44,FALSE,804.1,0,0,90.54843924884965,3.727210545951996
Accidental poisoning by and exposure to alcohol,X45,FALSE,148.1,0,0,79.06819716407833,3.4135719108710334
Accidental exposure to other and unspecified factors,X58-X59,FALSE,1165.2,0,0,78.37281153450051,3.309818056985925
Exposure to unspecified factor,X59,FALSE,1161.2,0,0,78.47054770926628,3.3134688253530826
Other external causes of mortality,X60-Y36,FALSE,3922.3,0,0,72.08270657522372,3.1748336435254823
Intentional self-harm,X60-X84,FALSE,3311.6,0,0,75.99347747312477,3.2698091556951323
"Intentional self-poisoning by and exposure to antiepileptic, sedative-hypnotic, antiparkinsonism and psychotropic drugs, not elsewhere classified",X61,FALSE,91.3,0,0,83.57064622124864,3.572289156626506
"Intentional self-poisoning by and exposure to other and unspecified drugs, medicaments and biological substances",X64,FALSE,277.8,0,0,87.04103671706264,3.7109431245500364
Intentional self-poisoning by and exposure to other gases and vapours,X67,FALSE,116.5,0,0,80.25751072961373,3.482832618025751
"Intentional self-harm by hanging, strangulation and suffocation",X70,FALSE,1936.5,0,0,78.20810741027627,3.3249419054996125
Intentional self-harm by drowning and submersion,X71,FALSE,62,0,0,70.96774193548387,3.274193548387097
"Intentional self-harm by rifle, shotgun and larger firearm discharge",X73,FALSE,120.5,0,0,85.06224066390041,3.574688796680498
Intentional self-harm by sharp object,X78,FALSE,132.9,0,0,82.69375470278405,3.573739653875094
Intentional self-harm by jumping from a high place,X80,FALSE,182.7,0,0,73.72742200328408,3.2257799671592777
Intentional self-harm by jumping or lying before moving object,X81,FALSE,96.8,0,0,74.17355371900827,3.2634297520661155
Intentional self-harm by crashing of motor vehicle,X82,FALSE,57.1,0,0,73.73029772329247,3.459719789842382
Intentional self-harm by unspecified means,X84,FALSE,105.5,0,0,9.95260663507109,1.3436018957345972
Assault,X85-Y09,FALSE,271.7,0,0,56.9377990430622,2.9769966875230036
Assault by sharp object,X99,FALSE,101.1,0,0,54.50049455984175,2.9035608308605343
Assault by bodily force,Y04,FALSE,65.1,0,0,73.88632872503841,3.495391705069125
Event of undetermined intent,Y10-Y34,FALSE,335.2,0,0,47.19570405727924,2.4779236276849645
"Poisoning by and exposure to other and unspecified drugs, medicaments and biological substances, undetermined intent",Y14,FALSE,80.5,0,0,90.06211180124224,3.8540372670807455
"Unspecified event, undetermined intent",Y34,FALSE,115.3,0,0,7.1986123156981785,1.3065915004336515
Complications of medical and surgical care,Y40-Y84,FALSE,73.8,0,0,89.15989159891599,3.765582655826558
Sequelae and supplementary factors of external cause,Y85-Y98,FALSE,148.5,0,0,81.14478114478115,3.388888888888889
Sequelae of external causes of morbidity and mortality,Y85-Y89,FALSE,148.5,0,0,81.14478114478115,3.388888888888889
Sequelae of other accidents,Y86,FALSE,111.4,0,0,80.25134649910234,3.3815080789946137
Inflammatory polyarthropathies,M05-M14,FALSE,318.9,1,0.31357792411414237,70.52367513327063,3.129350893697084
Other rheumatoid arthritis,M06,FALSE,255.7,1,0.3910833007430583,69.1044192412984,3.0811497849041847
Other disorders of the skin and subcutaneous tissue,L80-L99,FALSE,223.1,1,0.44822949350067237,56.52173913043478,2.7545943523083816
Hypertensive renal disease,I12,FALSE,416.3,2,0.4804227720393946,86.78837376891664,3.502642325246217
Other viral diseases,B25-B34,FALSE,184.8,1,0.5411255411255411,70.7792207792208,3.108225108225108
Disorders of lipoprotein metabolism and other lipidaemias,E78,FALSE,726.6,4,0.5505092210294522,72.88742086429949,3.15345444536196
Phlebitis and thrombophlebitis,I80,FALSE,178.1,1,0.5614823133071308,55.08141493542953,2.70943290286356
Viral infection of unspecified site,B34,FALSE,174.8,1,0.5720823798627002,69.10755148741417,3.074370709382151
Dorsopathies,M40-M54,FALSE,142.7,1,0.700770847932726,69.8668535388928,3.1103714085494047
Diseases of male genital organs,N40-N51,FALSE,142.6,1,0.7012622720897617,81.7671809256662,3.4838709677419355
Nonrheumatic mitral valve disorders,I34,FALSE,267.6,2,0.7473841554559043,70.10463378176381,3.0504484304932733
Multiple valve diseases,I08,FALSE,119,1,0.8403361344537815,94.11764705882352,3.8529411764705883
Non-insulin-dependent diabetes mellitus,E11,FALSE,3256.8,28,0.8597396217145664,88.85408990420044,3.567888725128961
Arthropathies,M00-M25,FALSE,668.2,6,0.8979347500748278,73.66058066447171,3.1930559712660878
Osteoporosis without pathological fracture,M81,FALSE,105,1,0.9523809523809524,75.23809523809524,3.3
Obstructive and reflux uropathy,N13,FALSE,102.9,1,0.9718172983479106,71.8172983479106,3.1773566569484935
Atrial fibrillation and flutter,I48,FALSE,2441,24,0.9832036050798854,54.28103236378533,2.6591560835723063
Disorders of bone density and structure,M80-M85,FALSE,201.3,2,0.9935419771485345,80.62593144560358,3.3787878787878785
Sleep disorders,G47,FALSE,96.9,1,1.0319917440660475,72.13622291021672,3.1986584107327136
"Ulcer of lower limb, not elsewhere classified",L97,FALSE,96.2,1,1.0395010395010393,62.57796257796257,2.942827442827443
Other disorders of kidney and ureter,N25-N29,FALSE,80.3,1,1.2453300124533002,76.33872976338729,3.3891656288916563
Osteoporosis with pathological fracture,M80,FALSE,79.8,1,1.2531328320802007,86.21553884711778,3.607769423558897
CHAPTER XII Diseases of the skin and subcutaneous tissue,L00-L99,TRUE,784.4,10,1.2748597654258031,61.49923508414075,2.8801631820499742
Other hypothyroidism,E03,FALSE,78,1,1.282051282051282,73.07692307692307,3.25
Rheumatic tricuspid valve diseases,I07,FALSE,75.6,1,1.3227513227513228,61.64021164021165,3.006613756613757
"Diseases of veins, lymphatic vessels and lymph nodes, not elsewhere classified",I80-I89,FALSE,287.3,4,1.392272885485555,59.6240863209189,2.8181343543334494
Cholelithiasis,K80,FALSE,141.5,2,1.4134275618374559,79.50530035335689,3.3798586572438163
"Other disorders of kidney and ureter, not elsewhere classified",N28,FALSE,65.4,1,1.5290519877675839,75.53516819571865,3.4204892966360854
Infections of the skin and subcutaneous tissue,L00-L08,FALSE,510.6,8,1.5667841754798275,64.15981198589894,2.963768115942029
"Other disorders of fluid, electrolyte and acid-base balance",E87,FALSE,250.5,4,1.5968063872255487,65.6686626746507,2.9770459081836327
Diabetes mellitus,E10-E14,FALSE,5970.5,96,1.6079055355497867,85.12687379616447,3.4521815593333893
Glomerular diseases,N00-N08,FALSE,119.2,2,1.6778523489932886,56.375838926174495,2.8028523489932886
Hypertensive heart and renal disease,I13,FALSE,498.8,9,1.8043303929430634,88.57257417802727,3.582397754611067
Cerebral palsy and other paralytic syndromes,G80-G83,FALSE,211,4,1.8957345971563981,54.502369668246445,2.6966824644549763
Other disorders of urinary system,N39,FALSE,1126.1,22,1.9536453245715302,55.421365775686006,2.6778705265962173
Cellulitis,L03,FALSE,407.6,8,1.9627085377821392,64.18056918547596,2.9717860647693817
Chronic rheumatic heart diseases,I05-I09,FALSE,353.4,7,1.9807583474816073,74.81607243916241,3.2475947934352014
Unspecified diabetes mellitus,E14,FALSE,2295.2,48,2.0913210177762287,81.48309515510633,3.336789822237714
Other diseases of urinary system,N30-N39,FALSE,1193.1,25,2.095381778560054,55.99698265023888,2.6917693403738165
Systemic sclerosis,M34,FALSE,142.3,3,2.1082220660576247,78.91777933942375,3.3601546029515106
Disorders of thyroid gland,E00-E07,FALSE,141,3,2.127659574468085,73.04964539007092,3.1950354609929077
Noninfective enteritis and colitis,K50-K52,FALSE,140.7,3,2.1321961620469088,65.88486140724947,3.0053304904051177
"CHAPTER IV Endocrine, nutritional and metabolic diseases",E00-E90,TRUE,8519.2,183,2.1480890224434215,77.88524744107427,3.260705230538078
Congenital malformations of the urinary system,Q60-Q64,FALSE,92.2,2,2.1691973969631237,54.4468546637744,2.7234273318872018
Other metabolic disorders,E88,FALSE,87.8,2,2.277904328018223,41.913439635535305,2.3792710706150344
Renal tubulo-interstitial diseases,N10-N16,FALSE,175.6,4,2.277904328018223,65.26195899772209,2.9629840546697035
Osteopathies and chondropathies,M80-M94,FALSE,477.9,11,2.301736765013601,69.86817325800376,3.057020297133292
Essential,I10,FALSE,847.7,20,2.3593252329833665,46.207384687979236,2.455290786834965
Malnutrition,E40-E46,FALSE,162.2,4,2.466091245376079,59.30949445129471,2.7688039457459928
Nonrheumatic aortic valve disorders,I35,FALSE,1240.5,31,2.4989923417976625,63.96614268440145,2.9018540910923014
Infectious arthropathies,M00-M03,FALSE,198.3,5,2.5214321734745337,73.77710539586485,3.238275340393343
Pyogenic arthritis,M00,FALSE,198.3,5,2.5214321734745337,73.77710539586485,3.238275340393343
Mycoses,B35-B49,FALSE,73.5,2,2.7210884353741496,68.70748299319727,3.0306122448979593
Other inflammatory liver diseases,K75,FALSE,144.5,4,2.768166089965398,64.01384083044984,2.911764705882353
COVID-19,NA,FALSE,4029.4,113,2.8043877500372263,60.415942820271006,2.803444681590311
Disorders of other endocrine glands,E20-E35,FALSE,71.1,2,2.8129395218002817,71.87060478199719,3.235583684950774
Cerebral palsy,G80,FALSE,135.9,4,2.9433406916850626,52.906548933039,2.6376011773362764
Down syndrome,Q90,FALSE,130.9,4,3.0557677616501144,48.81588999236058,2.585561497326203
Hernia,K40-K46,FALSE,359.7,11,3.058103975535168,68.02891298304142,2.9937447873227687
Metabolic disorders,E70-E90,FALSE,1694.3,52,3.069114088414094,60.16053827539397,2.797408959452281
Unspecified protein-energy malnutrition,E46,FALSE,128.2,4,3.1201248049921997,61.77847113884556,2.8010920436817477
Rheumatic mitral valve diseases,I05,FALSE,126.8,4,3.1545741324921135,70.82018927444796,3.1498422712933754
Ventral hernia,K43,FALSE,63,2,3.1746031746031744,76.19047619047619,3.2301587301587302
Other osteopathies,M86-M90,FALSE,281.6,9,3.196022727272727,62.71306818181818,2.8703835227272725
CHAPTER XIII Diseases of the musculoskeletal system and connective tissue,M00-M99,TRUE,1824.9,60,3.287851389117212,68.92980437284236,3.0215080278371413
Other necrotizing vasculopathies,M31,FALSE,60.5,2,3.3057851239669422,65.28925619834712,3.1198347107438016
Osteomyelitis,M86,FALSE,267.6,9,3.3632286995515694,63.378176382660676,2.889760837070254
Influenza due to other identified influenza virus,J10,FALSE,718.6,25,3.4789869190091847,68.82827720567771,2.985388254940162
Other diseases of oesophagus,K22,FALSE,199.4,7,3.510531594784353,61.88565697091274,2.859578736208626
Systemic connective tissue disorders,M30-M36,FALSE,363.8,13,3.5733919736118747,67.56459593183067,3.0192413413963717
Acute and subacute endocarditis,I33,FALSE,220.4,8,3.6297640653357535,61.88747731397459,2.882032667876588
Other diseases of pancreas,K86,FALSE,81.8,3,3.6674816625916873,68.21515892420538,3.0855745721271397
Other conduction disorders,I45,FALSE,81.3,3,3.6900369003690034,59.40959409594095,2.9477244772447726
Certain disorders involving the immune mechanism,D80-D89,FALSE,158.3,6,3.7902716361339226,77.8900821225521,3.285849652558433
Other diseases of upper respiratory tract,J30-J39,FALSE,51,2,3.9215686274509802,60.78431372549019,2.9019607843137254
"Schizophrenia, schizotypal and delusional disorders",F20-F29,FALSE,73.3,3,4.092769440654844,61.80081855388813,2.9829467939972716
Other pulmonary heart diseases,I27,FALSE,510.6,21,4.112808460634548,67.09753231492363,2.9481002741872304
Other diseases of anus and rectum,K62,FALSE,95.5,4,4.18848167539267,63.35078534031413,2.9083769633507854
Diaphragmatic hernia,K44,FALSE,118.6,5,4.215851602023609,69.64586846543001,3.04637436762226
"Influenza, virus not identified",J11,FALSE,115.5,5,4.329004329004329,63.63636363636363,2.9415584415584415
Other diseases of biliary tract,K83,FALSE,300.2,13,4.330446369087276,55.36309127248501,2.688540972684877
Alcoholic liver disease,K70,FALSE,1067,47,4.404873477038426,69.44704779756327,3.036082474226804
Hypertensive diseases,I10-I15,FALSE,2866.6,127,4.430335589199749,68.56903648922068,2.982034465917812
Other disorders of arteries and arterioles,I77,FALSE,133,6,4.511278195488721,53.383458646616546,2.6315789473684212
Systemic lupus erythematosus,M32,FALSE,65.6,3,4.573170731707318,69.51219512195122,3.1448170731707323
Other anaemias,D64,FALSE,152.8,7,4.5811518324607325,47.643979057591615,2.512434554973822
"Endocarditis, valve unspecified",I38,FALSE,368.1,17,4.618310241782124,57.07688128226025,2.7154305895137187
Other disorders of the nervous system,G90-G99,FALSE,340.5,16,4.698972099853157,35.389133627019085,2.18575624082232
Obesity and other hyperalimentation,E65-E68,FALSE,465.5,22,4.726100966702471,61.546723952738994,2.8544575725026853
Insulin-dependent diabetes mellitus,E10,FALSE,422.4,20,4.734848484848484,76.5625,3.2379261363636367
Obesity,E66,FALSE,464.5,22,4.736275565123789,61.46393972012917,2.8519913885898815
Pneumoconiosis due to asbestos and other mineral fibres,J61,FALSE,126.4,6,4.746835443037974,62.0253164556962,2.897151898734177
Other disorders of brain,G93,FALSE,210.4,10,4.752851711026616,35.361216730038024,2.199144486692015
Other myopathies,G72,FALSE,62.1,3,4.830917874396135,58.132045088566834,2.7946859903381642
Other bacterial intestinal infections,A04,FALSE,99.2,5,5.040322580645161,62.701612903225815,2.8840725806451615
Schizophrenia,F20,FALSE,59,3,5.084745762711865,59.32203389830508,2.8983050847457625
"Pleural effusion, not elsewhere classified",J90,FALSE,95.1,5,5.257623554153524,53.73291272344901,2.729232386961094
"Coagulation defects, purpura and other haemorrhagic conditions",D65-D69,FALSE,111.5,6,5.381165919282512,59.64125560538116,2.786995515695067
Diverticular disease of intestine,K57,FALSE,344.5,19,5.515239477503629,63.13497822931785,2.8149492017416544
Intestinal infectious diseases,A00-A09,FALSE,418.3,24,5.737508964857758,59.59837437245996,2.7818551278986376
Disorders of mineral metabolism,E83,FALSE,69.3,4,5.772005772005772,55.266955266955264,2.8232323232323235
CHAPTER III Diseases of the blood and blood-forming organs and certain disorders involving the immune mechanism,D50-D89,TRUE,638.3,37,5.796647344508852,56.76014413285289,2.672176092746358
Other systemic involvement of connective tissue,M35,FALSE,68.4,4,5.847953216374268,60.52631578947367,2.8684210526315788
Sequelae of cerebrovascular disease,I69,FALSE,795,47,5.911949685534592,49.18238993710692,2.510691823899371
Asthma,J45,FALSE,475.2,29,6.102693602693603,58.12289562289562,2.7211700336700337
Bronchiectasis,J47,FALSE,424,26,6.132075471698113,56.132075471698116,2.6650943396226414
Amyloidosis,E85,FALSE,432.7,27,6.23988906863878,45.22764039750405,2.369655650566212
Aplastic and other anaemias,D60-D64,FALSE,223.8,14,6.255585344057193,44.59338695263628,2.416890080428954
Sarcoidosis,D86,FALSE,63.2,4,6.329113924050632,63.607594936708864,2.8813291139240502
"Diseases of oesophagus, stomach and duodenum",K20-K31,FALSE,675.7,43,6.363770904247447,65.36924670711853,2.8797543288441614
Cholecystitis,K81,FALSE,277,18,6.4981949458483745,53.068592057761734,2.5812274368231045
Emphysema,J43,FALSE,723.2,47,6.498893805309734,56.996681415929196,2.6798949115044244
"Disorders of gallbladder, biliary tract and pancreas",K80-K87,FALSE,1102.3,72,6.531797151410687,57.180440896307715,2.6804408963077204
Suppurative and necrotic conditions of lower respiratory tract,J85-J86,FALSE,76.2,5,6.561679790026247,52.75590551181103,2.717847769028871
Other gastroenteritis and colitis of infectious and unspecified origin,A09,FALSE,287.3,19,6.613296206056386,58.231813435433345,2.769404803341455
"Chromosomal abnormalities, not elsewhere classified",Q90-Q99,FALSE,193.7,13,6.7114093959731544,45.27620030975736,2.392101187403201
Polyneuropathies and other disorders of the peripheral nervous system,G60-G64,FALSE,71.7,5,6.97350069735007,45.60669456066946,2.445606694560669
Cardiomyopathy,I42,FALSE,1087.1,76,6.99107717781253,55.845828350657726,2.6295189035047377
Duodenal ulcer,K26,FALSE,167.6,12,7.159904534606206,63.0071599045346,2.9015513126491648
Myasthenia gravis and other myoneural disorders,G70,FALSE,69.2,5,7.22543352601156,66.76300578034682,2.9783236994219653
Fibrosis and cirrhosis of liver,K74,FALSE,909.9,66,7.253544345532477,49.225189581272666,2.4809869216397407
Diseases of liver,K70-K77,FALSE,2597.4,190,7.315007315007314,57.84245784245784,2.6916146916146912
Acute renal failure,N17,FALSE,442.7,34,7.680144567427153,47.368421052631575,2.3771176869211654
Other peripheral vascular diseases,I73,FALSE,648.9,50,7.705347511172754,51.610417629835105,2.50801356141162
Diseases of peritoneum,K65-K67,FALSE,87.5,7,8,68,2.9685714285714284
"Peptic ulcer, site unspecified",K27,FALSE,62.1,5,8.051529790660226,69.40418679549114,3.1247987117552336
Other diseases of blood and blood-forming organs,D70-D77,FALSE,74.1,6,8.097165991902834,55.465587044534416,2.6794871794871797
Other diseases of pleura,J90-J94,FALSE,133,11,8.270676691729323,54.88721804511278,2.669172932330827
Other aneurysm and dissection,I72,FALSE,84.1,7,8.323424494649228,59.571938168846614,2.6700356718192633
Bacterial infection of unspecified site,A49,FALSE,279.7,24,8.580622095101894,48.158741508759384,2.4145513049696103
Hypertensive heart disease,I11,FALSE,1118.6,96,8.582156266762023,70.23064544966924,2.9530663329161455
Other aplastic anaemias,D61,FALSE,69.8,6,8.595988538681949,44.126074498567334,2.4627507163323785
Other cerebrovascular diseases,I67,FALSE,459.7,41,8.91886012616924,46.26930606917555,2.3762236241026757
Other soft tissue disorders,M70-M79,FALSE,78.1,7,8.962868117797695,59.0268886043534,2.7343149807938545
CHAPTER XI Diseases of the digestive system,K00-K93,TRUE,7962.2,721,9.055286227424581,54.67333149129637,2.5721659842757028
Acute myocardial infarction,I21,FALSE,5546.7,506,9.122541330881425,47.80680404564876,2.3766113184415962
"CHAPTER XVII Congenital malformations, deformations and chromosomal abnormalities",Q00-Q99,TRUE,653.7,60,9.178522257916475,43.85803885574422,2.302814746825761
Congenital malformations of the circulatory system,Q20-Q28,FALSE,173.8,16,9.205983889528193,47.06559263521288,2.4102416570771
Ischaemic heart diseases,I20-I25,FALSE,16278.9,1525,9.367954837243303,50.7153431742931,2.453817518382692
Chronic ischaemic heart disease,I25,FALSE,10248,968,9.44574551131928,52.74199843871975,2.508782201405152
Chronic lower respiratory diseases,J40-J47,FALSE,9233,910,9.855951478392722,54.196902415249646,2.538611502220297
Vascular dementia,F01,FALSE,2095.8,207,9.876896650443744,50.52008779463688,2.442456341253936
Gastric ulcer,K25,FALSE,70.4,7,9.943181818181818,65.9090909090909,2.8721590909090904
Diseases of myoneural junction and muscle,G70-G73,FALSE,254.6,26,10.212097407698352,46.58287509819324,2.351924587588374
Status epilepticus,G41,FALSE,78.3,8,10.217113665389528,39.97445721583653,2.198595146871009
Other infectious diseases,B99,FALSE,57.8,6,10.380622837370243,55.017301038062286,2.662629757785467
Other and unspecified infectious diseases,B99,FALSE,57.8,6,10.380622837370243,55.017301038062286,2.662629757785467
Other acute ischaemic heart diseases,I24,FALSE,472.5,50,10.582010582010582,41.58730158730159,2.2037037037037037
Other chronic obstructive pulmonary disease,J44,FALSE,7600,806,10.605263157894736,53.6578947368421,2.511052631578947
CHAPTER XIV Diseases of the genitourinary system,N00-N99,TRUE,5005.6,539,10.76793990730382,45.42112833626338,2.3113712641841135
Fibroblastic disorders,M72,FALSE,62.9,7,11.128775834658187,50.71542130365659,2.5349761526232113
Other forms of heart disease,I30-I52,FALSE,10399.6,1166,11.211969691141967,44.103619369975775,2.267760298473018
"Malignant neoplasm, without specification of site",C80,FALSE,2913.3,339,11.636288744722478,38.07709470360072,2.0853156214601993
CHAPTER I Certain infectious and parasitic diseases,A00-B99,TRUE,3111.6,363,11.666023910528347,45.333590435788665,2.291361357500964
Tuberculosis,A15-A19,FALSE,51.1,6,11.741682974559687,54.99021526418787,2.6917808219178085
Other diseases of liver,K76,FALSE,234.2,28,11.955593509820666,55.16652433817249,2.5964987190435527
Episodic and paroxysmal disorders,G40-G47,FALSE,441.9,53,11.993663724824621,52.25164064267934,2.463113826657615
CHAPTER IX Diseases of the circulatory system,I00-I99,TRUE,42301.7,5089,12.030249375320615,46.817740185382625,2.321215223028862
"Symptoms and signs involving cognition, perception, emotional state and behaviour",R40-R46,FALSE,57.7,7,12.131715771230501,32.40901213171577,1.9211438474870015
Other symptoms and signs involving cognitive functions and awareness,R41,FALSE,57.7,7,12.131715771230501,32.40901213171577,1.9211438474870015
Other diseases of intestines,K55-K64,FALSE,2205.9,268,12.149236139444216,49.13640690874473,2.379731628813636
Acute pancreatitis,K85,FALSE,284.8,35,12.289325842696629,49.438202247191015,2.415379213483146
"Malignant neoplasms of ill-defined, secondary and unspecified sites",C76-C80,FALSE,3067.3,380,12.38874580249731,37.82805724904639,2.0699475108401524
Viral infections characterized by skin and mucous membrane lesions,B00-B09,FALSE,88.7,11,12.401352874859075,51.521984216459984,2.5518602029312287
Other congenital malformations,Q80-Q89,FALSE,88.4,11,12.443438914027148,34.389140271493204,2.134615384615384
Parkinson disease,G20,FALSE,2602.3,333,12.796372439764822,36.5561234292741,2.046324405333743
Other bacterial diseases,A30-A49,FALSE,2005.3,257,12.816037500623349,38.06413005535331,2.087044332518825
Other respiratory disorders,J98,FALSE,248.4,32,12.88244766505636,40.82125603864735,2.1847826086956523
Other sepsis,A41,FALSE,1621.2,215,13.261781396496422,36.34344929681718,2.0328151986183074
Other cardiac arrhythmias,I49,FALSE,202.7,27,13.320177602368034,45.732609768130246,2.2908238776517025
Other diseases of intestine,K63,FALSE,227.7,31,13.614404918752745,45.10320597277119,2.3335529205094425
Pulmonary heart disease and diseases of pulmonary circulation,I26-I28,FALSE,926.8,127,13.703064307293916,52.52481657315494,2.4286793267155806
Primary disorders of muscles,G71,FALSE,131,18,13.740458015267176,33.587786259541986,1.9961832061068703
Arterial embolism and thrombosis,I74,FALSE,57.4,8,13.937282229965156,42.508710801393725,2.2770034843205575
Complications and ill-defined descriptions of heart disease,I51,FALSE,560.2,79,14.102106390574793,35.558729025348086,2.0074973223848622
Other diseases of stomach and duodenum,K31,FALSE,77.9,11,14.120667522464696,55.070603337612326,2.5860077021822847
Vascular disorders of intestine,K55,FALSE,445.7,63,14.135068431680503,47.49831725375813,2.3207314336997977
Paralytic ileus and intestinal obstruction without hernia,K56,FALSE,1054.6,151,14.318224919400722,45.002844680447566,2.24615968139579
"Diseases of arteries, arterioles and capillaries",I70-I79,FALSE,2016.5,295,14.62930820728986,42.47458467641954,2.1766674931812546
Extrapyramidal and movement disorders,G20-G26,FALSE,3059.2,458,14.971234309623432,35.14644351464435,1.978491108786611
Monocytic leukaemia,C93,FALSE,160.3,24,14.971927635683095,35.74547723019339,2.0408608858390513
Soft tissue disorders,M60-M79,FALSE,191.1,29,15.175300889586604,54.99738356881214,2.5146520146520146
Congenital malformations of the nervous system,Q00-Q07,FALSE,58.7,9,15.33219761499148,47.18909710391823,2.4420783645655875
Benign neoplasms,D10-D36,FALSE,175.8,27,15.358361774744026,51.64960182025028,2.411262798634812
Lymphoid leukaemia,C91,FALSE,499.5,78,15.615615615615615,46.94694694694695,2.2587587587587588
CHAPTER X Diseases of the respiratory system,J00-J99,TRUE,17091.6,2678,15.668515528095675,45.24795806126987,2.229563060216715
"Other neoplasms of uncertain or unknown behaviour of lymphoid, haematopoietic and related tissue",D47,FALSE,316.7,50,15.787811809283234,48.21597726555099,2.3092832333438587
Renal failure,N17-N19,FALSE,3164.2,505,15.959800265469944,36.318816762530815,2.0104923835408637
Other diseases of the digestive system,K90-K93,FALSE,751.4,120,15.970188980569604,37.98243279212137,2.062416821932393
Hereditary ataxia,G11,FALSE,56.2,9,16.01423487544484,41.281138790035584,2.163701067615658
Inflammatory diseases of the central nervous system,G00-G09,FALSE,154.8,25,16.149870801033593,48.966408268733844,2.3959948320413433
Other diseases of digestive system,K92,FALSE,739.3,120,16.231570404436628,37.10266468280807,2.038617611253889
CHAPTER XVI Certain conditions originating in the perinatal period,P00-P96,TRUE,568.8,94,16.526019690576653,23.347398030942337,1.7148382559774966
Chronic kidney disease,N18,FALSE,2238.2,373,16.66517737467608,35.79662228576535,1.9938343311589672
Epilepsy,G40,FALSE,248.7,42,16.887816646562122,49.73864093285083,2.345597104945718
Mental and behavioural disorders due to psychoactive substance use,F10-F19,FALSE,506.8,87,17.166535122336228,46.52722967640095,2.2768350434096294
"Bacterial pneumonia, not elsewhere classified",J15,FALSE,86.2,15,17.40139211136891,35.034802784222734,2.1183294663573085
Malignant immunoproliferative diseases,C88,FALSE,57.4,10,17.421602787456447,45.99303135888502,2.2247386759581884
Multiple sclerosis,G35,FALSE,200.1,35,17.491254372813593,31.53423288355822,1.8643178410794603
Atrioventricular and left bundle-branch block,I44,FALSE,101.5,18,17.733990147783253,45.812807881773395,2.2389162561576357
Myelodysplastic syndromes,D46,FALSE,542.3,97,17.88677853586576,40.807671030794765,2.085838096994284
Benign neoplasm of meninges,D32,FALSE,116.7,21,17.994858611825194,49.443016281062555,2.3851756640959727
"Encephalitis, myelitis and encephalomyelitis",G04,FALSE,77.6,14,18.041237113402065,47.164948453608254,2.329896907216495
Demyelinating diseases of the central nervous system,G35-G37,FALSE,210.1,38,18.08662541646835,31.46120894811994,1.8660161827701096
"Hepatic failure, not elsewhere classified",K72,FALSE,247.3,45,18.196522442377677,39.3449251920744,2.0830974524868577
"Viral pneumonia, not elsewhere classified",J12,FALSE,177.4,33,18.60202931228861,43.06651634723788,2.219278466741826
CHAPTER V Mental and behavioural disorders,F00-F99,TRUE,12340.2,2307,18.69499683959741,34.99294987115281,1.9324322134163139
Other Neoplasms,D00-D48,FALSE,1416.5,266,18.77867984468761,42.18143310977762,2.1208965760677727
Disorders of muscles,M60-M63,FALSE,117,22,18.803418803418804,53.84615384615385,2.47008547008547
Other interstitial pulmonary diseases,J84,FALSE,1710.2,322,18.828207227224887,36.44018243480295,1.9463220675944333
Other respiratory diseases principally affecting the interstitium,J80-J84,FALSE,1786.2,337,18.866868211846377,36.457283618855676,1.943007501959467
"Stroke, not specified as haemorrhage or infarction",I64,FALSE,3311.1,627,18.936305155386428,35.15750052852526,1.919014828908822
Mental and behavioural disorders due to use of alcohol,F10,FALSE,453.6,86,18.95943562610229,44.003527336860664,2.1820987654320985
"Organic, including symptomatic, mental disorders",F00-F09,FALSE,11626.1,2215,19.051960674688846,34.027747912025525,1.9007276730803966
Neoplasms of uncertain or unknown behaviour,D37-D48,FALSE,1243.4,239,19.22148946437188,40.96831269100852,2.0883866816792662
Cerebral infarction,I63,FALSE,1532.3,302,19.708934281798605,37.61012856490243,2.008842915878092
Other congenital malformations of heart,Q24,FALSE,50.3,10,19.880715705765407,36.3817097415507,2.2296222664015906
CHAPTER VI Diseases of the nervous system,G00-G99,TRUE,12547.1,2508,19.988682643798168,32.59000087669661,1.8558910027018194
Unspecified kidney failure,N19,FALSE,489.9,98,20.00408246580935,29.5774647887324,1.8023065931822824
Cerebrovascular diseases,I60-I69,FALSE,9150.2,1831,20.010491573954667,35.19267338418832,1.9180564359248975
Aortic aneurysm and dissection,I71,FALSE,1055.2,218,20.65959059893859,34.70432145564822,1.9082638362395752
Pulmonary oedema,J81,FALSE,62.8,13,20.70063694267516,31.52866242038217,1.8216560509554143
Other malignant neoplasms of skin,C44,FALSE,821.2,170,20.701412566975158,36.190940087676566,1.9685825621042374
Leukaemia of unspecified cell type,C95,FALSE,135.1,28,20.725388601036272,40.784603997039234,2.0358993338267952
Neoplasm of uncertain or unknown behaviour of oral cavity and digestive organs,D37,FALSE,125.4,26,20.73365231259968,39.39393939393939,2.1347687400318978
Alzheimer's disease,G30,FALSE,6001,1248,20.79653391101483,31.228128645225794,1.8164472587902016
Unspecified dementia,F03,FALSE,9462,1991,21.042062988797294,30.61720566476432,1.788998097653773
Other degenerative diseases of the nervous system,G30-G32,FALSE,6875,1451,21.105454545454545,31.098181818181818,1.8089454545454546
Other acute lower respiratory infections,J20-J22,FALSE,304.9,65,21.318465070514925,29.485077074450643,1.7643489668743852
Other disorders of muscle,M62,FALSE,97.9,21,21.450459652706844,53.01327885597548,2.415219611848825
Other diseases of pericardium,I31,FALSE,99.5,22,22.110552763819097,42.71356783919598,2.163316582914573
Unspecified acute lower respiratory infection,J22,FALSE,293.8,65,22.123893805309734,28.86317222600408,1.7338325391422735
Influenza and pneumonia,J09-J18,FALSE,3668.2,827,22.545117496319723,36.890027806553626,1.9267215528051909
Heart failure,I50,FALSE,3702.7,848,22.902206497960947,24.676587355173254,1.6209387744078647
"Other degenerative diseases of nervous system, not elsewhere classified",G31,FALSE,877,203,23.14709236031927,30.444697833523378,1.7702394526795895
Subarachnoid haemorrhage,I60,FALSE,622.9,147,23.59929362658533,29.362658532669773,1.736956172740408
Follicular lymphoma,C82,FALSE,99,24,24.242424242424242,36.36363636363637,1.9242424242424243
Other nontraumatic intracranial haemorrhage,I62,FALSE,1097.9,279,25.41215046907733,32.50751434556881,1.7560342471991983
Other and unspecified types of non-Hodgkin lymphoma,C85,FALSE,792.2,203,25.624842211562736,36.127240595809134,1.9043170916435241
Pulmonary embolism,I26,FALSE,410.9,106,25.797030907763446,34.290581650036515,1.8008031151131665
Malignant neoplasm of other and ill-defined sites,C76,FALSE,157.1,41,26.098026734563973,34.436664544875875,1.8526416295353278
Malignant neoplasm of other and ill-defined digestive organs,C26,FALSE,1092.1,289,26.46277813387053,35.99487226444465,1.8615969233586669
"Delirium, not induced by alcohol and other psychoactive substances",F05,FALSE,63.9,17,26.604068857589986,4.538341158059469,0.9773082942097028
"Malignant neoplasms, stated or presumed to be primary, of lymphoid, haematopoietic and related tissue",C81-C96,FALSE,5166,1400,27.100271002710024,33.08168795973674,1.7732288037166086
Malignant neoplasm of bladder,C67,FALSE,1192.1,326,27.346699102424292,34.56924754634679,1.8203590302826946
Malignant neoplasm of parotid gland,C07,FALSE,87.7,24,27.366020524515395,29.30444697833523,1.6744583808437856
Lung diseases due to external agents,J60-J70,FALSE,1522.8,422,27.712109272392958,27.042290517467826,1.6019175203572367
"Malignant neoplasm of other and ill-defined sites in the lip, oral cavity and pharynx",C14,FALSE,54,15,27.77777777777778,35.18518518518518,1.8611111111111112
Myeloid leukaemia,C92,FALSE,1330.9,372,27.951010594334658,31.174393267713572,1.6905477496430985
Neoplasm of uncertain or unknown behaviour of other and unspecified sites,D48,FALSE,56.7,16,28.21869488536155,25.925925925925924,1.6904761904761902
Multiple myeloma and malignant plasma cell neoplasms,C90,FALSE,1077,306,28.412256267409468,31.29062209842154,1.7293407613741876
Intracerebral haemorrhage,I61,FALSE,1350.7,388,28.725845857703412,26.3344932257348,1.5746279706818684
"Pneumonia, organism unspecified",J18,FALSE,2560.7,744,29.054555395009178,26.738782364197295,1.5788065763267858
Other diseases of the respiratory system,J95-J99,FALSE,339.9,99,29.126213592233015,30.862018240659022,1.7150632538982056
Other degenerative diseases of basal ganglia,G23,FALSE,426.6,125,29.30145335208626,23.112986404125643,1.4774964838255975
Malignant neoplasm of larynx,C32,FALSE,203,60,29.55665024630542,35.960591133004925,1.7955665024630543
Hodgkin lymphoma,C81,FALSE,98,29,29.591836734693878,31.63265306122449,1.8010204081632653
Malignant neoplasm of base of tongue,C01,FALSE,73.7,22,29.850746268656714,28.08683853459973,1.6261872455902304
Pneumonitis due to solids and liquids,J69,FALSE,1329.5,410,30.838661150808576,22.15118465588567,1.434185784129372
Malignant neoplasm of other and unspecified parts of tongue,C02,FALSE,212.8,66,31.015037593984964,26.691729323308266,1.5479323308270674
Malignant neoplasm of other and unspecified parts of biliary tract,C24,FALSE,157.7,50,31.705770450221944,26.442612555485102,1.5653138871274572
Huntington disease,G10,FALSE,92.2,30,32.53796095444685,16.485900216919738,1.2809110629067244
Malignant neoplasms of urinary tract,C64-C68,FALSE,2832.8,941,33.218017509178196,29.43377576955662,1.617269133013273
Malignant neoplasm of prostate,C61,FALSE,3837.8,1288,33.5608942623378,28.214080983897023,1.577309917140028
Malignant neoplasms of male genital organs,C60-C63,FALSE,3901.8,1316,33.72802296376031,28.110103029371057,1.5729663232354296
Mature T/NK-cell lymphomas,C84,FALSE,141.7,48,33.87438249823571,25.899788285109388,1.558574453069866
Malignant neoplasm of gum,C03,FALSE,76.7,26,33.89830508474576,30.899608865710558,1.7059973924380702
Melanoma and other malignant neoplasms of skin,C43-C44,FALSE,2303.7,791,34.336068064418114,26.596345010200984,1.540065980813474
Malignant neoplasm of colon,C18,FALSE,1429.8,497,34.76010630857463,26.912854944747515,1.5256679255839978
"Malignant neoplasm of kidney, except renal pelvis",C64,FALSE,1029.8,358,34.76403185084482,27.94717420858419,1.5735094193047194
Malignant neoplasm of liver and intrahepatic bile ducts,C22,FALSE,2454.7,863,35.15704566749501,25.001018454393613,1.4848453986230497
Non-follicular lymphoma,C83,FALSE,727.8,256,35.174498488595766,27.177796097829077,1.535311898873317
"Malignant neoplasms of lip, oral cavity and pharynx",C00-C14,FALSE,1071.7,378,35.27106466361855,26.192031352057477,1.4769525053653072
Neoplasm of uncertain or unknown behaviour of brain and central nervous system,D43,FALSE,118.5,42,35.44303797468354,24.894514767932492,1.5253164556962024
Malignant neoplasm of other and unspecified parts of mouth,C06,FALSE,112.8,40,35.46099290780142,33.51063829787233,1.696808510638298
Malignant neoplasm of vulva,C51,FALSE,118.6,43,36.25632377740304,31.703204047217543,1.62141652613828
CHAPTER II Neoplasms,C00-D48,TRUE,52821.6,19466,36.85234828176352,25.040135096248505,1.4429759795235284
Malignant neoplasm of small intestine,C17,FALSE,178.6,66,36.954087346024636,30.011198208286675,1.5302351623740202
Malignant neoplasms,C00-C97,FALSE,51408.6,19200,37.34783674326864,24.572931377240383,1.4245729313772404
Senility,R54,FALSE,713.9,270,37.82042302843536,3.9081103796049863,0.8620955315870571
Malignant neoplasms of respiratory and intrathoracic organs,C30-C39,FALSE,9439.5,3576,37.88336246623232,22.252237936331372,1.3587319243604004
Malignant neoplasm of bronchus and lung,C34,FALSE,9115.5,3463,37.99023641050957,21.957106028193735,1.3502002084361802
Malignant neoplasm of oropharynx,C10,FALSE,144.6,57,39.41908713692946,27.385892116182575,1.5235131396957124
Malignant neoplasm of rectum,C20,FALSE,704.6,279,39.59693443088277,24.070394550099344,1.4068975305137665
Malignant neoplasm of gallbladder,C23,FALSE,183.5,74,40.32697547683924,24.795640326975477,1.4209809264305178
Malignant neoplasm of hypopharynx,C13,FALSE,59.5,24,40.33613445378151,26.05042016806723,1.4915966386554622
"Malignant neoplasm of uterus, part unspecified",C55,FALSE,193.4,79,40.847983453981385,23.991726990692865,1.3815925542916234
Malaise and fatigue,R53,FALSE,330.8,136,41.112454655380894,2.3579201934703744,0.8521765417170495
Malignant neoplasm of tonsil,C09,FALSE,108.5,45,41.474654377880185,25.34562211981567,1.4170506912442395
Malignant neoplasm of thyroid gland,C73,FALSE,151.4,63,41.611624834874505,20.079260237780712,1.3355350066050198
Malignant melanoma of skin,C43,FALSE,1485.5,621,41.80410636149445,21.440592393133624,1.311174688657018
Malignant neoplasms of digestive organs,C15-C26,FALSE,15037.4,6300,41.895540452471835,21.68193969702209,1.2931224812800086
Malignant neoplasms of bone and articular cartilage,C40-C41,FALSE,107.4,45,41.899441340782126,21.787709497206702,1.286778398510242
Malignant neoplasm of other and unspecified urinary organs,C68,FALSE,591.4,250,42.27257355427799,22.387554954345624,1.3192424754819074
Malignant neoplasm of breast,C50,FALSE,3205.5,1361,42.45827484011855,23.288098580564654,1.3148494774606145
Malignant neoplasm of breast,C50,FALSE,3205.5,1361,42.45827484011855,23.288098580564654,1.3148494774606145
Malignant neoplasms of thyroid and other endocrine glands,C73-C75,FALSE,207.3,89,42.93294741919922,18.95803183791606,1.242884708152436
Malignant neoplasm of oesophagus,C15,FALSE,1440.4,621,43.113024159955565,20.161066370452648,1.2511802277145236
Malignant neoplasm of corpus uteri,C54,FALSE,507.4,219,43.161214032321645,21.560898699251084,1.2774931020890818
Malignant neoplasm of cervix uteri,C53,FALSE,250.4,109,43.53035143769968,23.322683706070286,1.3146964856230032
Malignant neoplasm of adrenal gland,C74,FALSE,50.1,22,43.91217564870259,20.159680638722556,1.2085828343313372
Malignant neoplasm of bone and articular cartilage of other and unspecified sites,C41,FALSE,102.3,45,43.988269794721404,21.79863147605083,1.2575757575757576
Malignant neoplasm of other and unspecified female genital organs,C57,FALSE,102.3,45,43.988269794721404,23.75366568914956,1.2966764418377323
Malignant neoplasms of female genital organs,C51-C58,FALSE,2240.2,1011,45.12989911615035,18.757253816623518,1.1619944647799305
Systemic atrophies primarily affecting the central nervous system,G10-G14,FALSE,955.1,432,45.23086587791854,15.19212647890273,1.0632918019055595
Malignant neoplasm of nasopharynx,C11,FALSE,68.5,31,45.25547445255474,24.087591240875913,1.3394160583941606
Mesothelioma,C45,FALSE,666.3,302,45.32492871079094,20.006003301816,1.1986342488368604
Malignant neoplasms of mesothelial and soft tissue,C45-C49,FALSE,1115.2,511,45.82137733142037,18.75896700143472,1.169386657101865
Malignant neoplasm of anus and anal canal,C21,FALSE,130.2,60,46.082949308755765,22.427035330261138,1.2296466973886329
Malignant neoplasm of other connective and soft tissue,C49,FALSE,351.3,162,46.11443210930828,18.588101337887846,1.1831767719897524
Malignant neoplasm of rectosigmoid junction,C19,FALSE,2214.3,1026,46.33518493429074,18.800523867587952,1.14241521022445
Malignant neoplasm of stomach,C16,FALSE,1204.2,567,47.08520179372197,17.95382826772961,1.1352765321375187
Malignant neoplasm of retroperitoneum and peritoneum,C48,FALSE,87,41,47.12643678160919,13.793103448275861,1.1264367816091954
Malignant neoplasm of ovary,C56,FALSE,1047.1,507,48.419444179161495,14.334829529175819,1.0061598701174674
Spinal muscular atrophy and related syndromes,G12,FALSE,808,393,48.63861386138614,13.737623762376238,0.9839108910891089
General symptoms and signs,R50-R69,FALSE,1479.7,722,48.79367439345813,2.6153950125025345,0.7071365817395417
Malignant neoplasm of eye and adnexa,C69,FALSE,55.1,27,49.00181488203267,14.700544464609798,1.1352087114337568
Malignant neoplasm of pancreas,C25,FALSE,3875.2,1908,49.23616845582164,16.36560693641619,1.0601001238645749
Other disorders originating in the perinatal period,P90-P96,FALSE,79.6,40,50.251256281407045,7.035175879396985,0.7386934673366834
Viral infections of the central nervous system,A80-A89,FALSE,94.2,51,54.14012738853503,19.32059447983015,1.1263269639065816
Other conditions originating in the perinatal period,P96,FALSE,62.6,34,54.31309904153354,7.348242811501597,0.6996805111821086
Symptoms and signs involving the circulatory and respiratory systems,R00-R09,FALSE,76.6,45,58.7467362924282,2.088772845953003,0.7154046997389034
Other symptoms and signs involving the circulatory and respiratory systems,R09,FALSE,64.6,38,58.82352941176471,2.4767801857585146,0.7244582043343654
"Malignant neoplasms of eye, brain and other parts of central nervous system",C69-C72,FALSE,1745.8,1101,63.06564325810516,9.898041012716234,0.7268301065414138
Malignant neoplasm of brain,C71,FALSE,1664.8,1059,63.611244593945216,9.6588178760211445,0.7129384911100434
Slow virus infections of central nervous system,A81,FALSE,74.7,50,66.93440428380187,11.646586345381525,0.7677376171352075
"CHAPTER XVIII Symptoms, signs and abnormal clinical and laboratory findings, not elsewhere classified",R00-R99,TRUE,3782.4,2640,69.79695431472082,1.8348138747884941,0.42451882402707275
"Respiratory failure, not elsewhere classified",J96,FALSE,93.5,67,71.65775401069519,5.88235294117647,0.5481283422459893
Other general symptoms and signs,R68,FALSE,358.2,285,79.5644891122278,0.6141820212171972,0.25293132328308204
Disorders related to length of gestation and fetal growth,P05-P08,FALSE,51.4,41,79.76653696498055,8.560311284046694,0.5
Ill-defined and unknown causes of mortality,R95-R99,FALSE,2139.2,1848,86.38743455497384,0.6170531039640987,0.18633133881824984
Other ill-defined and unspecified causes of mortality,R99,FALSE,2124.2,1846,86.90330477356181,0.48018077393842384,0.17399491573298184
