icd_code,cause,underlying_persons,mur_persons,adjusted_median_age,expected_mur,mur_ratio,residual,raw_rank,adjusted_rank_A,adjusted_rank_B,rank_change_A,rank_change_B,robust,age_driven
Y40-Y84,Complications of medical and surgical care (Y40-Y84),68,94.30882352941175,70,3.9444444444444446,23.9092792046396,3.452910915174278,1,1,1,0,0,TRUE,FALSE
J96,"Respiratory failure, not elsewhere classified (J96)",92,82.41304347826087,82,4.277777777777778,19.26538678712592,3.1005410223473944,2,2,3,0,-1,TRUE,FALSE
R40-R46,"Symptoms and signs involving cognition, perception, emotional state and behaviour (R40-R46)",55,77.27272727272727,78,4.166666666666667,18.545454545454543,3.1086513326332685,3,3,2,0,1,TRUE,FALSE
F32,Depressive episode (F32),71,52.436619718309856,82,4.277777777777778,12.257911102981526,2.6484025001515556,4,5,5,-1,-1,TRUE,FALSE
R00-R09,Symptoms and signs involving the circulatory and respiratory systems (R00-R09),75,51.68,78,4.166666666666667,12.403199999999998,2.706381115421623,5,4,4,1,1,TRUE,FALSE
F30-F39,Mood [affective] disorders (F30-F39),92,46.80434782608695,82,4.277777777777778,10.941276115189158,2.5347734041954224,6,6,7,0,-1,TRUE,FALSE
R41,Other symptoms and signs involving cognitive functions and awareness (R41),55,44.236363636363635,78,4.166666666666667,10.616727272727271,2.5508574134983286,7,7,6,0,1,TRUE,FALSE
R09,Other symptoms and signs involving the circulatory and respiratory systems (R09),63,40.3968253968254,78,4.166666666666667,9.695238095238095,2.460061458540367,8,8,9,0,-1,TRUE,FALSE
F05,"Delirium, not induced by alcohol and other psychoactive substances (F05)",62,39.5,82,4.277777777777778,9.233766233766234,2.3650979752272305,9,9,10,0,-1,TRUE,FALSE
R53,Malaise and fatigue (R53),329,31.44984802431611,78,4.166666666666667,7.547963525835866,2.209704406786855,10,10,11,0,-1,TRUE,FALSE
J81,Pulmonary oedema (J81),60,29.933333333333337,82,4.277777777777778,6.997402597402599,2.087769989960199,11,11,12,0,-1,TRUE,FALSE
J95-J99,Other diseases of the respiratory system (J95-J99),337,29.16913946587537,82,4.277777777777778,6.818759875139698,2.061908586109005,12,12,13,0,-1,TRUE,FALSE
I10,Essential (primary) hypertension (I10),844,27.748815165876778,82,4.277777777777778,6.486736012802364,2.0119904458759055,13,13,14,0,-1,TRUE,FALSE
M19,Other arthrosis (M19),98,23.989795918367346,80,4.222222222222222,5.681793770139635,1.9026823495032132,14,14,15,0,-1,TRUE,FALSE
G47,Sleep disorders (G47),92,23.66304347826087,80,4.222222222222222,5.604405034324943,1.888968263819223,15,15,16,0,-1,TRUE,FALSE
M81,Osteoporosis without pathological fracture (M81),100,23.26,80,4.222222222222222,5.508947368421053,1.871788926724234,16,16,17,0,-1,TRUE,FALSE
R50-R69,General symptoms and signs (R50-R69),1478,21.70027063599459,78,4.166666666666667,5.208064952638701,1.8386349881207396,17,17,18,0,-1,TRUE,FALSE
M15-M19,Arthrosis (M15-M19),113,21.601769911504423,80,4.222222222222222,5.116208663251047,1.797829031314335,18,18,19,0,-1,TRUE,FALSE
F20-F29,"Schizophrenia, schizotypal and delusional disorders (F20-F29)",69,21.47826086956522,82,4.277777777777778,5.020892151326934,1.7558386045789272,19,19,21,0,-2,TRUE,FALSE
F10-F19,Mental and behavioural disorders due to psychoactive substance use (F10-F19),503,20.807157057654077,82,4.277777777777778,4.864010740750304,1.7240943201525685,20,21,22,-1,-2,TRUE,FALSE
F20,Schizophrenia (F20),55,20.490909090909092,82,4.277777777777778,4.790082644628099,1.7087786321274598,21,22,23,-1,-2,TRUE,FALSE
E03,Other hypothyroidism (E03),73,19.465753424657535,75,4.083333333333334,4.767123287671232,1.7843516573663285,22,23,20,-1,2,TRUE,FALSE
R68,Other general symptoms and signs (R68),357,18.92997198879552,78,4.166666666666667,4.543193277310924,1.7020567414418732,23,24,24,-1,-1,TRUE,FALSE
K21,Gastro-oesophageal reflux disease (K21),83,16.06024096385542,70,3.9444444444444446,4.071610385202782,1.6826828735836328,24,25,25,-1,-1,TRUE,FALSE
M80-M85,Disorders of bone density and structure (M80-M85),196,15.209183673469388,80,4.222222222222222,3.6021750805585393,1.44695321408127,25,26,27,-1,-2,TRUE,FALSE
E00-E07,Disorders of thyroid gland (E00-E07),136,13.955882352941176,75,4.083333333333334,3.4177671068427364,1.45159606385144,26,27,26,-1,0,TRUE,FALSE
N17,Acute renal failure (N17),439,13.507972665148063,78,4.166666666666667,3.241913439635535,1.3645903348638766,27,28,29,-1,-2,TRUE,FALSE
J90,"Pleural effusion, not elsewhere classified (J90)",91,13.373626373626374,82,4.277777777777778,3.126302269159412,1.2820818897908315,28,30,34,-2,-6,FALSE,FALSE
R00-R99,"CHAPTER XVIII Symptoms, signs and abnormal clinical and laboratory findings, not elsewhere classified (R00-R99)",3781,13.288283522877546,78,4.166666666666667,3.1891880454906105,1.348192964791448,29,29,30,0,-1,TRUE,FALSE
I45,Other conduction disorders (I45),77,12.636363636363637,80,4.222222222222222,2.992822966507177,1.2616324399660368,30,31,35,-1,-5,FALSE,FALSE
D64,Other anaemias (D64),149,12.12751677852349,75,4.083333333333334,2.97000410902616,1.3111719550643883,31,32,32,-1,-1,FALSE,FALSE
J90-J94,Other diseases of pleura (J90-J94),129,11.968992248062015,82,4.277777777777778,2.7979462398067048,1.1711166295432038,32,33,39,-1,-7,FALSE,FALSE
D70-D77,Other diseases of blood and blood-forming organs (D70-D77),70,11.4,75,4.083333333333334,2.7918367346938773,1.2493083258180686,33,34,36,-1,-3,FALSE,FALSE
E83,Disorders of mineral metabolism (E83),65,10.753846153846156,75,4.083333333333334,2.6335949764521196,1.1909584427557922,34,35,38,-1,-4,FALSE,FALSE
G40-G47,Episodic and paroxysmal disorders (G40-G47),438,10.662100456621005,80,4.222222222222222,2.525234318673396,1.0917492199202126,35,36,43,-1,-8,FALSE,FALSE
D60-D64,Aplastic and other anaemias (D60-D64),220,9.936363636363636,75,4.083333333333334,2.4333951762523185,1.1118960928017412,36,38,40,-2,-4,FALSE,FALSE
K72,"Hepatic failure, not elsewhere classified (K72)",244,9.901639344262296,70,3.9444444444444446,2.5102747633341034,1.1990364949630257,37,37,37,0,0,FALSE,FALSE
P05-P08,Disorders related to length of gestation and fetal growth (P05-P08),50,9.88,0,2,4.94,2.4658253439359425,38,20,8,18,30,TRUE,FALSE
I49,Other cardiac arrhythmias (I49),199,9.78894472361809,80,4.222222222222222,2.3184342766463897,1.0063074391117037,39,39,49,0,-10,FALSE,FALSE
M40-M54,Dorsopathies (M40-M54),138,9.485507246376812,80,4.222222222222222,2.246567505720824,0.9748188603864107,40,46,51,-6,-11,FALSE,FALSE
I10-I15,Hypertensive diseases (I10-I15),2862,9.466457023060796,80,4.222222222222222,2.2420556107249254,0.9728084904362275,41,47,52,-6,-11,FALSE,FALSE
N28,"Other disorders of kidney and ureter, not elsewhere classified (N28)",60,9.433333333333334,82,4.277777777777778,2.205194805194805,0.9330468193012367,42,49,57,-7,-15,FALSE,FALSE
E87,"Other disorders of fluid, electrolyte and acid-base balance (E87)",246,9.426829268292684,75,4.083333333333334,2.3086112493777997,1.0592547717407879,43,40,44,3,-1,FALSE,FALSE
B99,Other infectious diseases  (B99),54,9.27777777777778,75,4.083333333333334,2.2721088435374153,1.0433170249382093,44.5,43.5,45.5,1,-1,FALSE,FALSE
B99,Other and unspecified infectious diseases (B99),54,9.27777777777778,75,4.083333333333334,2.2721088435374153,1.0433170249382093,44.5,43.5,45.5,1,-1,FALSE,FALSE
B18,Chronic viral hepatitis (B18),80,9.2625,75,4.083333333333334,2.268367346938775,1.0416689610398242,46,45,47,1,-1,FALSE,FALSE
B15-B19,Viral hepatitis  (B15-B19),84,9.142857142857142,75,4.083333333333334,2.2390670553935856,1.0286679047219773,47,48,48,-1,-1,FALSE,FALSE
J98,Other respiratory disorders (J98),245,9.118367346938776,82,4.277777777777778,2.131566392790883,0.8990880724045733,48,50,60,-2,-12,FALSE,FALSE
Y85-Y98,Sequelae and supplementary factors of external cause (Y85-Y98),143,9.048951048951048,70,3.9444444444444446,2.2941002659312515,1.1089850060024604,49,41,41,8,8,FALSE,FALSE
W80,Inhalation and ingestion of other objects causing obstruction of respiratory tract (W80),131,9.030534351145038,70,3.9444444444444446,2.289431243952263,1.1069477019787572,50,42,42,8,8,FALSE,FALSE
F10,Mental and behavioural disorders due to use of alcohol (F10),450,9.022222222222222,82,4.277777777777778,2.109090909090909,0.8884879731515674,51,51,62,0,-11,FALSE,FALSE
M00-M25,Arthropathies (M00-M25),663,8.675716440422322,80,4.222222222222222,2.054774946415813,0.8855816888487358,52,54,63,-2,-11,FALSE,FALSE
E86,Volume depletion (E86),84,8.547619047619047,75,4.083333333333334,2.093294460641399,0.9613477406225295,53,52,54,1,-1,FALSE,FALSE
A41,Other sepsis (A41),1618,8.534610630407911,75,4.083333333333334,2.090108725814182,0.9598247052845332,54,53,55,1,-1,FALSE,FALSE
I26,Pulmonary embolism (I26),408,8.504901960784315,80,4.222222222222222,2.0143188854489167,0.8656964781704588,55,57,65,-2,-10,FALSE,FALSE
N17-N19,Renal failure (N17-N19),3161,8.414109459031952,82,4.277777777777778,1.966934678734742,0.8187072975590772,56,58,71,-2,-15,FALSE,FALSE
N25-N29,Other disorders of kidney and ureter (N25-N29),75,8.266666666666667,82,4.277777777777778,1.9324675324675327,0.8010286678229814,57,62,74,-5,-17,FALSE,FALSE
E78,Disorders of lipoprotein metabolism and other lipidaemias (E78),722,8.229916897506925,75,4.083333333333334,2.015489852450675,0.9234708875473454,58,56,58,2,0,FALSE,FALSE
N19,Unspecified kidney failure (N19),487,8.195071868583161,78,4.166666666666667,1.9668172484599586,0.8648432379134208,59,59,67,0,-8,FALSE,FALSE
R54,Senility (R54),712,8.122191011235955,78,4.166666666666667,1.9493258426966291,0.8559102026935193,60,61,69,-1,-9,FALSE,FALSE
Y85-Y89,Sequelae of external causes of morbidity and mortality (Y85-Y89),143,8.055944055944057,70,3.9444444444444446,2.0423520141830003,0.9927463721974514,61,55,50,6,11,FALSE,FALSE
E20-E35,Disorders of other endocrine glands (E20-E35),66,8,75,4.083333333333334,1.9591836734693875,0.8951365120974546,62,60,61,2,1,FALSE,FALSE
M80-M94,Osteopathies and chondropathies (M80-M94),473,7.985200845665962,80,4.222222222222222,1.891231779236675,0.8026437138542393,63,65,73,-2,-10,FALSE,FALSE
G93,Other disorders of brain (G93),207,7.93719806763285,80,4.222222222222222,1.8798627002288328,0.7966141044056145,64,69,75,-5,-11,FALSE,FALSE
L89,Decubitus ulcer (L89),71,7.859154929577465,78,4.166666666666667,1.8861971830985915,0.8229893412872722,65,67,70,-2,-5,FALSE,FALSE
A30-A49,Other bacterial diseases  (A30-A49),2002,7.781218781218781,75,4.083333333333334,1.9056045994821502,0.8674079520223468,66,63,64,3,2,FALSE,FALSE
D50-D89,CHAPTER III Diseases of the blood and blood-forming organs and certain disorders involving the immune mechanism (D50-D89),634,7.766561514195583,75,4.083333333333334,1.9020150647009588,0.8655225032847369,67,64,66,3,1,FALSE,FALSE
D65-D69,"Coagulation defects, purpura and other haemorrhagic conditions (D65-D69)",107,7.719626168224299,75,4.083333333333334,1.8905206942590118,0.8594609094766907,68,66,68,2,0,FALSE,FALSE
J69,Pneumonitis due to solids and liquids (J69),1327,7.6473247927656365,82,4.277777777777778,1.787686315191967,0.7231531897071193,69,71,80,-2,-11,FALSE,FALSE
J12,"Viral pneumonia, not elsewhere classified (J12)",174,7.545977011494253,82,4.277777777777778,1.7639946260635917,0.7098118784084217,70,72,82,-2,-12,FALSE,FALSE
N18,Chronic kidney disease (N18),2235,7.461297539149888,78,4.166666666666667,1.790711409395973,0.7710395879002954,71,70,79,1,-8,FALSE,FALSE
K65-K67,Diseases of peritoneum (K65-K67),83,7.433734939759036,70,3.9444444444444446,1.8846088579670794,0.9123645773103117,72,68,59,4,13,FALSE,FALSE
J15,"Bacterial pneumonia, not elsewhere classified (J15)",83,7.265060240963855,82,4.277777777777778,1.6983257706149273,0.6718738922507419,73,77,89,-4,-16,FALSE,FALSE
B35-B49,Mycoses  (B35-B49),69,7.202898550724638,75,4.083333333333334,1.7639751552795029,0.7901784919169883,74,73,76,1,-2,FALSE,FALSE
E46,Unspecified protein-energy malnutrition (E46),124,7.193548387096774,75,4.083333333333334,1.7616853192890056,0.7888795373925914,75,74,77,1,-2,FALSE,FALSE
M00-M99,CHAPTER XIII Diseases of the musculoskeletal system and connective tissue (M00-M99),1820,7.186813186813187,80,4.222222222222222,1.7021399652978602,0.6973016245740642,76,75,83,1,-7,FALSE,FALSE
I48,Atrial fibrillation and flutter (I48),2437,7.064423471481329,80,4.222222222222222,1.6731529274561043,0.6801251889700202,77,78,87,-1,-10,FALSE,FALSE
J60-J70,Lung diseases due to external agents (J60-J70),1520,7.0552631578947365,82,4.277777777777778,1.6492822966507177,0.6425711888356822,78,82,97,-4,-19,FALSE,FALSE
I80-I89,"Diseases of veins, lymphatic vessels and lymph nodes, not elsewhere classified (I80-I89)",283,7.017667844522968,80,4.222222222222222,1.662079226334387,0.6734847265955959,79,79,88,0,-9,FALSE,FALSE
M05-M14,Inflammatory polyarthropathies (M05-M14),314,6.968152866242038,80,4.222222222222222,1.6503519946362721,0.6664039572673339,80,81,90,-1,-10,FALSE,FALSE
I50,Heart failure (I50),3700,6.9202702702702705,80,4.222222222222222,1.6390113798008534,0.6595086048980505,81,83,92,-2,-11,FALSE,FALSE
N00-N99,CHAPTER XIV Diseases of the genitourinary system (N00-N99),5002,6.907437025189924,78,4.166666666666667,1.6577848860455815,0.6939089168467296,82,80,85,2,-3,FALSE,FALSE
G90-G99,Other disorders of the nervous system (G90-G99),337,6.905044510385757,80,4.222222222222222,1.635405278775574,0.6573060125836456,83,84,93,-1,-10,FALSE,FALSE
M35,Other systemic involvement of connective tissue (M35),64,6.828125,80,4.222222222222222,1.6171875,0.6461038913696338,84,85,96,-1,-12,FALSE,FALSE
L80-L99,Other disorders of the skin and subcutaneous tissue (L80-L99),219,6.621004566210046,78,4.166666666666667,1.5890410958904109,0.6515573615453962,85,87,95,-2,-10,FALSE,FALSE
I30-I52,Other forms of heart disease (I30-I52),10396,6.601866102347056,80,4.222222222222222,1.5635998663453554,0.6124061314817455,86,90,101,-4,-15,FALSE,FALSE
A00-B99,CHAPTER I Certain infectious and parasitic diseases (A00-B99),3108,6.553088803088803,75,4.083333333333334,1.6048380742258292,0.6956314818998375,87,86,84,1,3,FALSE,FALSE
G60-G64,Polyneuropathies and other disorders of the peripheral nervous system (G60-G64),68,6.5,80,4.222222222222222,1.5394736842105263,0.5968559565353069,88,93,102,-5,-14,FALSE,FALSE
E70-E90,Metabolic disorders (E70-E90),1690,6.48698224852071,75,4.083333333333334,1.5886487139234389,0.6854924081750398,89,88,86,1,3,FALSE,FALSE
I26-I28,Pulmonary heart disease and diseases of pulmonary circulation (I26-I28),923,6.401950162513542,80,4.222222222222222,1.516251354279523,0.581656436476538,90,95,103,-5,-13,FALSE,FALSE
N40,Hyperplasia of prostate (N40),89,6.348314606741573,82,4.277777777777778,1.484021596381147,0.5369866647344554,91,97,106,-6,-15,FALSE,FALSE
I31,Other diseases of pericardium (I31),96,6.302083333333333,80,4.222222222222222,1.492598684210526,0.5659340461967206,92,96,105,-4,-13,FALSE,FALSE
E40-E46,Malnutrition (E40-E46),158,6.2974683544303796,75,4.083333333333334,1.5422371480237662,0.6558426745492447,93,92,94,1,-1,FALSE,FALSE
K76,Other diseases of liver (K76),230,6.121739130434783,70,3.9444444444444446,1.5519902020820575,0.7181823889963144,94,91,81,3,13,FALSE,FALSE
J22,Unspecified acute lower respiratory infection (J22),291,6.085910652920962,82,4.277777777777778,1.422680412371134,0.4947736739314954,95,99,110,-4,-15,FALSE,FALSE
J20-J22,Other acute lower respiratory infections (J20-J22),302,6.066225165562914,82,4.277777777777778,1.4180786101315903,0.49153383117936045,96,101,111,-5,-15,FALSE,FALSE
J18,"Pneumonia, organism unspecified (J18)",2558,5.674745895230649,82,4.277777777777778,1.3265639755084635,0.42482308951432746,97,106,124,-9,-27,FALSE,FALSE
I80,Phlebitis and thrombophlebitis (I80),174,5.666666666666667,80,4.222222222222222,1.3421052631578947,0.4596548350218219,98,104,120,-6,-22,FALSE,FALSE
I51,Complications and ill-defined descriptions of heart disease (I51),557,5.644524236983842,80,4.222222222222222,1.336861003496173,0.45573969325552866,99,105,121,-6,-22,FALSE,FALSE
W75-W84,Other accidental threats to breathing (W75-W84),255,5.643137254901961,70,3.9444444444444446,1.4306545153272576,0.6367763229304637,100,98,98,2,2,FALSE,FALSE
L08,Other local infections of skin and subcutaneous tissue (L08),90,5.611111111111111,78,4.166666666666667,1.3466666666666665,0.4860590148923716,101,103,115,-2,-14,FALSE,FALSE
K31,Other diseases of stomach and duodenum (K31),74,5.594594594594595,70,3.9444444444444446,1.418347925390179,0.6281370418226666,102,100,99,2,3,FALSE,FALSE
D61,Other aplastic anaemias (D61),66,5.515151515151516,75,4.083333333333334,1.3506493506493507,0.523194096027934,103,102,108,1,-5,FALSE,FALSE
L97,"Ulcer of lower limb, not elsewhere classified (L97)",92,5.467391304347826,78,4.166666666666667,1.3121739130434782,0.46011184899797586,104,107,119,-3,-15,FALSE,FALSE
M62,Other disorders of muscle (M62),94,5.382978723404255,80,4.222222222222222,1.2749160134378499,0.4082956666511772,105,110,127,-5,-22,FALSE,FALSE
N13,Obstructive and reflux uropathy (N13),98,5.377551020408164,82,4.277777777777778,1.2570898489265838,0.3710303731909448,106,114,134,-8,-28,FALSE,FALSE
E66,Obesity (E66),460,5.341304347826087,75,4.083333333333334,1.3080745341614906,0.4911648534556574,107,108,112,-1,-5,FALSE,FALSE
I44,Atrioventricular and left bundle-branch block (I44),98,5.336734693877551,80,4.222222222222222,1.2639634801288935,0.39966776502806645,108,112,128,-4,-20,FALSE,FALSE
E65-E68,Obesity and other hyperalimentation (E65-E68),461,5.331887201735358,75,4.083333333333334,1.3057682943025366,0.4894002175469505,109,109,113,0,-4,FALSE,FALSE
I74,Arterial embolism and thrombosis (I74),54,5.314814814814815,80,4.222222222222222,1.2587719298245614,0.3955519488290622,110,113,130,-3,-20,FALSE,FALSE
G40,Epilepsy (G40),245,5.240816326530612,80,4.222222222222222,1.2412459720730398,0.3815310533388949,111,116,132,-5,-21,FALSE,FALSE
A49,Bacterial infection of unspecified site (A49),276,5.181159420289855,75,4.083333333333334,1.26885536823425,0.4607238279544219,112,111,118,1,-6,FALSE,FALSE
I73,Other peripheral vascular diseases (I73),645,5.164341085271317,80,4.222222222222222,1.2231334149326805,0.36683130103162265,113,118,135,-5,-22,FALSE,FALSE
E00-E90,"CHAPTER IV Endocrine, nutritional and metabolic diseases (E00-E90)",8514,5.085623678646934,75,4.083333333333334,1.2454588600768,0.44211264306519427,114,115,123,-1,-9,FALSE,FALSE
M06,Other rheumatoid arthritis (M06),251,5.079681274900398,80,4.222222222222222,1.2030824072132522,0.3503022980944581,115,121,139,-6,-24,FALSE,FALSE
J45,Asthma (J45),471,5.063694267515924,80,4.222222222222222,1.1992960107274557,0.3471500889397394,116,122,140,-6,-24,FALSE,FALSE
M60-M63,Disorders of muscles (M60-M63),113,5.061946902654867,80,4.222222222222222,1.1988821611551002,0.3468049523011729,117,123,141,-6,-24,FALSE,FALSE
N40-N51,Diseases of male genital organs (N40-N51),137,5.029197080291971,82,4.277777777777778,1.1756564603279933,0.30405764850568806,118,127,145,-9,-27,FALSE,FALSE
M45-M49,Spondylopathies (M45-M49),103,5.019417475728155,80,4.222222222222222,1.188809402146142,0.338367665912509,119,125,142,-6,-23,FALSE,FALSE
E11,Non-insulin-dependent diabetes mellitus (E11),3251,4.916641033528145,75,4.083333333333334,1.2040753551497496,0.4083205510020482,120,120,126,0,-6,FALSE,FALSE
E88,Other metabolic disorders (E88),84,4.869047619047619,75,4.083333333333334,1.1924198250728861,0.398593327617107,121,124,129,-3,-8,FALSE,FALSE
J09-J18,Influenza and pneumonia (J09-J18),3665,4.867667121418827,82,4.277777777777778,1.1378962102018038,0.2714120951334029,122,129,149,-7,-27,FALSE,FALSE
M60-M79,Soft tissue disorders (M60-M79),187,4.866310160427807,80,4.222222222222222,1.1525471432592176,0.30738976229002457,123,128,144,-5,-21,FALSE,FALSE
K63,Other diseases of intestine (K63),224,4.84375,70,3.9444444444444446,1.2279929577464788,0.48402537532104195,124,117,116,7,8,FALSE,FALSE
I27,Other pulmonary heart diseases (I27),506,4.780632411067193,80,4.222222222222222,1.1322550447264406,0.2896266209562772,125,131,147,-6,-22,FALSE,FALSE
K20-K31,"Diseases of oesophagus, stomach and duodenum (K20-K31)",671,4.7779433681073025,70,3.9444444444444446,1.2113095862807246,0.4703463573993385,126,119,117,7,9,FALSE,FALSE
K50-K52,Noninfective enteritis and colitis (K50-K52),136,4.676470588235294,70,3.9444444444444446,1.1855840927920465,0.4488798388055921,127,126,122,1,5,FALSE,FALSE
M70-M79,Other soft tissue disorders (M70-M79),74,4.554054054054054,80,4.222222222222222,1.0785917496443813,0.24107161678190758,128,138,151,-10,-23,FALSE,FALSE
N10-N16,Renal tubulo-interstitial diseases (N10-N16),171,4.5321637426900585,82,4.277777777777778,1.0594668489405332,0.19999677617084166,129,143,154,-14,-25,FALSE,FALSE
C76-C80,"Malignant neoplasms of ill-defined, secondary and unspecified sites (C76-C80)",3064,4.510770234986945,72,4,1.1276925587467364,0.3765476076315055,130,132,133,-2,-3,FALSE,FALSE
L00-L99,CHAPTER XII Diseases of the skin and subcutaneous tissue (L00-L99),780,4.507692307692308,78,4.166666666666667,1.0818461538461537,0.26709559506870706,131,137,150,-6,-19,FALSE,FALSE
I67,Other cerebrovascular diseases (I67),456,4.49780701754386,80,4.222222222222222,1.065270083102493,0.22864372819170997,132,142,152,-10,-20,FALSE,FALSE
I69,Sequelae of cerebrovascular disease (I69),791,4.471554993678888,80,4.222222222222222,1.0590524985028944,0.22279000107154245,133,144,153,-11,-20,FALSE,FALSE
K90-K93,Other diseases of the digestive system (K90-K93),748,4.402406417112299,70,3.9444444444444446,1.116103035324245,0.38848746560340897,134,133,131,1,3,FALSE,FALSE
D84,Other immunodeficiencies (D84),59,4.372881355932203,75,4.083333333333334,1.0709097198201312,0.2911171114335167,135,140,146,-5,-11,FALSE,FALSE
E10-E14,Diabetes mellitus (E10-E14),5965,4.365129924559933,75,4.083333333333334,1.06901141009631,0.28934292434294484,136,141,148,-5,-12,FALSE,FALSE
K86,Other diseases of pancreas (K86),77,4.298701298701299,70,3.9444444444444446,1.0898115968538504,0.3646491147249009,137,135,136,2,1,FALSE,FALSE
M80,Osteoporosis with pathological fracture (M80),74,4.297297297297297,80,4.222222222222222,1.0177809388335703,0.1830400692097227,138,146,157,-8,-19,FALSE,FALSE
K52,Other noninfective gastroenteritis and colitis (K52),58,4.275862068965517,70,3.9444444444444446,1.0840213695968917,0.35932189682008464,139,136,137,3,2,FALSE,FALSE
J00-J99,CHAPTER X Diseases of the respiratory system (J00-J99),17088,4.258251404494382,82,4.277777777777778,0.9954353932584271,0.13765591090765983,140,147,162,-7,-22,FALSE,FALSE
K92,Other diseases of digestive system (K92),736,4.2459239130434785,70,3.9444444444444446,1.076431414574403,0.3522956046431476,141,139,138,2,3,FALSE,FALSE
N30-N39,Other diseases of urinary system (N30-N39),1189,4.190916736753574,82,4.277777777777778,0.9796948215787576,0.12171680491077708,142,148,167,-6,-25,FALSE,FALSE
N39,Other disorders of urinary system (N39),1122,4.150623885918003,82,4.277777777777778,0.9702757135912216,0.11205596021989006,143,149,169,-6,-26,FALSE,FALSE
Y86,Sequelae of other accidents (Y86),106,4.09433962264151,70,3.9444444444444446,1.0380015944724954,0.3159416011898597,144,145,143,-1,1,FALSE,FALSE
I00-I99,CHAPTER IX Diseases of the circulatory system (I00-I99),42298,4.092888552650243,80,4.222222222222222,0.9693683414171629,0.13430474800470193,145,150,163,-5,-18,FALSE,FALSE
B25-B34,Other viral diseases  (B25-B34),180,3.894444444444445,75,4.083333333333334,0.9537414965986394,0.17524600656199874,146,152,158,-6,-12,FALSE,FALSE
J85-J86,Suppurative and necrotic conditions of lower respiratory tract (J85-J86),72,3.861111111111111,82,4.277777777777778,0.9025974025974026,0.03975229799473623,147,156,176,-9,-29,FALSE,FALSE
E14,Unspecified diabetes mellitus (E14),2290,3.8441048034934497,75,4.083333333333334,0.9414134212637019,0.16223572533023956,148,153,159,-5,-11,FALSE,FALSE
F00-F99,CHAPTER V Mental and behavioural disorders (F00-F99),12337,3.801005106589933,85,4.361111111111111,0.8715680499187108,-0.03032187765807115,149,161,184,-12,-35,FALSE,FALSE
D80-D89,Certain disorders involving the immune mechanism (D80-D89),153,3.7320261437908497,75,4.083333333333334,0.9139655862344936,0.13264625868119362,150,155,165,-5,-15,FALSE,FALSE
I05,Rheumatic mitral valve diseases (I05),122,3.704918032786886,80,4.222222222222222,0.8774805867126835,0.034714914732690394,151,158,177,-7,-26,FALSE,FALSE
B34,Viral infection of unspecified site (B34),170,3.676470588235294,75,4.083333333333334,0.9003601440576229,0.11764818310375857,152,157,168,-5,-16,FALSE,FALSE
N00-N08,Glomerular diseases (N00-N08),115,3.643478260869565,82,4.277777777777778,0.8517221908526256,-0.01826390512095788,153,162,180,-9,-27,FALSE,FALSE
K70-K77,Diseases of liver (K70-K77),2593,3.4519861164674124,70,3.9444444444444446,0.8751514098086397,0.14528591253379664,154,159,160,-5,-6,FALSE,FALSE
K00-K93,CHAPTER XI Diseases of the digestive system (K00-K93),7958,3.4481025383262125,70,3.9444444444444446,0.87416684070242,0.14416025205446958,155,160,161,-5,-6,FALSE,FALSE
P90-P96,Other disorders originating in the perinatal period (P90-P96),78,3.397435897435898,0,2,1.698717948717949,1.3983338314727967,156,76,28,80,128,FALSE,FALSE
I70-I79,"Diseases of arteries, arterioles and capillaries (I70-I79)",2013,3.3929458519622453,80,4.222222222222222,0.8035924386226371,-0.05324769344124025,157,168,185,-11,-28,FALSE,FALSE
L00-L08,Infections of the skin and subcutaneous tissue (L00-L08),506,3.3537549407114624,78,4.166666666666667,0.8049011857707509,-0.02860914810596249,158,167,183,-9,-25,FALSE,FALSE
I07,Rheumatic tricuspid valve diseases (I07),71,3.323943661971831,80,4.222222222222222,0.7872498146775389,-0.07379429238198987,159,172,187,-13,-28,FALSE,FALSE
K74,Fibrosis and cirrhosis of liver (K74),906,3.281456953642384,70,3.9444444444444446,0.831918664303703,0.0946236781566403,160,164,170,-4,-10,FALSE,FALSE
K27,"Peptic ulcer, site unspecified (K27)",57,3.280701754385965,70,3.9444444444444446,0.8317272053372868,0.09439351022155851,161,165,171,-4,-10,FALSE,FALSE
G80-G83,Cerebral palsy and other paralytic syndromes (G80-G83),207,3.270531400966183,80,4.222222222222222,0.774599542334096,-0.08999374071937871,162,175,189,-13,-27,FALSE,FALSE
G82,Paraplegia and tetraplegia (G82),61,3.2295081967213113,80,4.222222222222222,0.7648835202761001,-0.10261635580160733,163,176,191,-13,-28,FALSE,FALSE
M30-M36,Systemic connective tissue disorders (M30-M36),359,3.2256267409470754,80,4.222222222222222,0.7639642281190442,-0.10381895072162273,164,177,192,-13,-28,FALSE,FALSE
K55-K64,Other diseases of intestines (K55-K64),2202,3.214350590372389,70,3.9444444444444446,0.8149057834746901,0.07396150482430541,165,166,172,-1,-7,FALSE,FALSE
B00-B09,Viral infections characterized by skin and mucous membrane lesions (B00-B09),85,3.1882352941176473,75,4.083333333333334,0.7807923169267706,-0.024837465192996566,166,173,181,-7,-15,FALSE,FALSE
K83,Other diseases of biliary tract (K83),296,3.152027027027027,70,3.9444444444444446,0.7991054434716407,0.054381907724805556,167,170,174,-3,-7,FALSE,FALSE
J61,Pneumoconiosis due to asbestos and other mineral fibres (J61),122,3.1475409836065573,82,4.277777777777778,0.7357888013625719,-0.1645811888253752,168,183,197,-15,-29,FALSE,FALSE
I38,"Endocarditis, valve unspecified (I38)",364,3.131868131868132,80,4.222222222222222,0.7417582417582418,-0.1333165466144839,169,180,196,-11,-27,FALSE,FALSE
P96,Other conditions originating in the perinatal period (P96),61,3.1311475409836067,0,2,1.5655737704918034,1.3167123960494849,170,89,31,81,139,FALSE,FALSE
K56,Paralytic ileus and intestinal obstruction without hernia (K56),1051,3.1303520456707896,70,3.9444444444444446,0.7936103777756931,0.04748163408398831,171,171,175,0,-4,FALSE,FALSE
K75,Other inflammatory liver diseases (K75),140,3.0714285714285716,70,3.9444444444444446,0.778672032193159,0.028478947279825917,172,174,178,-2,-6,FALSE,FALSE
P00-P96,CHAPTER XVI Certain conditions originating in the perinatal period (P00-P96),566,3.0530035335689045,0,2,1.5265017667844523,1.291438703336984,173,94,33,79,140,FALSE,FALSE
A04,Other bacterial intestinal infections (A04),95,3.042105263157895,75,4.083333333333334,0.7450053705692803,-0.07175523307048981,174,179,186,-5,-12,FALSE,FALSE
J47,Bronchiectasis (J47),420,2.942857142857143,80,4.222222222222222,0.6969924812030075,-0.19556529362606234,175,187,200,-12,-25,FALSE,FALSE
K55,Vascular disorders of intestine (K55),442,2.9389140271493215,70,3.9444444444444446,0.7450767956153209,-0.015623704205576683,176,178,179,-2,-3,FALSE,FALSE
I77,Other disorders of arteries and arterioles (I77),129,2.937984496124031,80,4.222222222222222,0.6958384332925336,-0.19722241964553033,177,188,201,-11,-24,FALSE,FALSE
I34,Nonrheumatic mitral valve disorders (I34),263,2.931558935361217,80,4.222222222222222,0.6943165899539724,-0.19941187898071955,178,189,202,-11,-24,FALSE,FALSE
E10,Insulin-dependent diabetes mellitus (E10),417,2.918465227817746,75,4.083333333333334,0.7147261782410805,-0.1132471583936554,179,185,194,-6,-15,FALSE,FALSE
K22,Other diseases of oesophagus (K22),195,2.9076923076923076,70,3.9444444444444446,0.7371614301191766,-0.026304093634472725,180,182,182,-2,-2,FALSE,FALSE
D86,Sarcoidosis (D86),59,2.8983050847457625,75,4.083333333333334,0.709789000345901,-0.12017891698544081,181,186,195,-5,-14,FALSE,FALSE
J80-J84,Other respiratory diseases principally affecting the interstitium (J80-J84),1783,2.896242288278182,82,4.277777777777778,0.6770436518052894,-0.2477885625764531,182,197,210,-15,-28,FALSE,FALSE
I35,Nonrheumatic aortic valve disorders (I35),1236,2.870550161812298,80,4.222222222222222,0.6798671435871232,-0.22044251495445044,183,194,203,-11,-20,FALSE,FALSE
M86-M90,Other osteopathies (M86-M90),277,2.862815884476534,80,4.222222222222222,0.6780353410602318,-0.22314050491877513,184,196,205,-12,-21,FALSE,FALSE
J43,Emphysema (J43),719,2.8567454798331013,80,4.222222222222222,0.67659761364468185,-0.22526318759882757,185,198,207,-13,-22,FALSE,FALSE
I25,Chronic ischaemic heart disease (I25),10244,2.805642327215931,80,4.222222222222222,0.6644942353932468,-0.24331371394680246,186,200,208,-14,-22,FALSE,FALSE
I05-I09,Chronic rheumatic heart diseases (I05-I09),348,2.7988505747126435,80,4.222222222222222,0.6628856624319419,-0.24573739649822368,187,201,209,-14,-22,FALSE,FALSE
L03,Cellulitis (L03),403,2.759305210918114,78,4.166666666666667,0.6622332506203473,-0.22371083118887847,188,202,206,-14,-18,FALSE,FALSE
M32,Systemic lupus erythematosus (M32),61,2.7540983606557377,80,4.222222222222222,0.6522864538395168,-0.26185610513633684,189,204,212,-15,-23,FALSE,FALSE
J40-J47,Chronic lower respiratory diseases (J40-J47),9229,2.7428757178459207,80,4.222222222222222,0.6496284594898233,-0.2659393182794674,190,205,213,-15,-23,FALSE,FALSE
K62,Other diseases of anus and rectum (K62),91,2.7362637362637363,70,3.9444444444444446,0.6937006655316514,-0.08707044885062043,191,190,188,1,3,FALSE,FALSE
K25,Gastric ulcer (K25),66,2.6818181818181817,70,3.9444444444444446,0.6798975672215108,-0.10716884825107453,192,193,193,-1,-1,FALSE,FALSE
J44,Other chronic obstructive pulmonary disease (J44),7596,2.5703001579778832,80,4.222222222222222,0.6087553005737092,-0.3309235352914228,193,211,218,-18,-25,FALSE,FALSE
M86,Osteomyelitis (M86),263,2.5209125475285172,80,4.222222222222222,0.5970582349409645,-0.3503252623581865,194,213,221,-19,-27,FALSE,FALSE
G00-G09,Inflammatory diseases of the central nervous system (G00-G09),151,2.5099337748344372,80,4.222222222222222,0.594457999302893,-0.35468985209878234,195,215,222,-20,-27,FALSE,FALSE
I24,Other acute ischaemic heart diseases (I24),469,2.5074626865671643,80,4.222222222222222,0.5938727415553811,-0.35567486035399154,196,216,223,-20,-27,FALSE,FALSE
G70,Myasthenia gravis and other myoneural disorders (G70),65,2.4923076923076923,80,4.222222222222222,0.5902834008097166,-0.3617371550295375,197,217,224,-20,-27,FALSE,FALSE
I42,Cardiomyopathy (I42),1083,2.48938134810711,80,4.222222222222222,0.589590319288526,-0.36291199533507734,198,218,225,-20,-27,FALSE,FALSE
D10-D36,Benign neoplasms (D10-D36),172,2.488372093023256,75,4.083333333333334,0.6093972472710013,-0.2726763108140374,199,210,214,-11,-15,FALSE,FALSE
K57,Diverticular disease of intestine (K57),340,2.485294117647059,70,3.9444444444444446,0.6300745650372825,-0.18327282905151132,200,208,198,-8,2,FALSE,FALSE
I72,Other aneurysm and dissection (I72),80,2.475,80,4.222222222222222,0.5861842105263158,-0.3687058243456308,201,220,227,-19,-26,FALSE,FALSE
K80-K87,"Disorders of gallbladder, biliary tract and pancreas (K80-K87)",1098,2.4690346083788706,70,3.9444444444444446,0.6259524359270375,-0.18983661136928853,202,209,199,-7,3,FALSE,FALSE
D47,"Other neoplasms of uncertain or unknown behaviour of lymphoid, haematopoietic and related tissue (D47)",313,2.440894568690096,75,4.083333333333334,0.5977700984547173,-0.29194043095601385,203,212,216,-9,-13,FALSE,FALSE
G41,Status epilepticus (G41),75,2.44,80,4.222222222222222,0.5778947368421052,-0.382948181061174,204,221,229,-17,-25,FALSE,FALSE
N20,Calculus of kidney and ureter (N20),91,2.43956043956044,82,4.277777777777778,0.5702868560011419,-0.4193848213244159,205,224,237,-19,-32,FALSE,FALSE
Q80-Q89,Other congenital malformations (Q80-Q89),85,2.4235294117647057,5,2.138888888888889,1.1330786860198625,0.9698965536915276,206,130,53,76,153,FALSE,FALSE
N20-N23,Urolithiasis (N20-N23),99,2.414141414141414,82,4.277777777777778,0.564344746162928,-0.4298589948829249,207,227,241,-20,-34,FALSE,FALSE
M31,Other necrotizing vasculopathies (M31),56,2.4107142857142856,80,4.222222222222222,0.5709586466165413,-0.39502313266300426,208,223,232,-15,-24,FALSE,FALSE
I20-I25,Ischaemic heart diseases (I20-I25),16275,2.394900153609831,80,4.222222222222222,0.5672131942760126,-0.40160467988816617,209,226,233,-17,-24,FALSE,FALSE
I60-I69,Cerebrovascular diseases (I60-I69),9147,2.374549032469662,80,4.222222222222222,0.5623931919007095,-0.4101386819747772,210,228,235,-18,-25,FALSE,FALSE
M34,Systemic sclerosis (M34),137,2.343065693430657,80,4.222222222222222,0.5549366116019977,-0.4234860230643934,211,229,238,-18,-27,FALSE,FALSE
Q20-Q28,Congenital malformations of the circulatory system (Q20-Q28),170,2.3411764705882354,5,2.138888888888889,1.0945760122230712,0.9353252096264391,212,134,56,78,156,FALSE,FALSE
I64,"Stroke, not specified as haemorrhage or infarction (I64)",3308,2.333736396614269,80,4.222222222222222,0.5527270413033795,-0.42747563349104434,213,231,240,-18,-27,FALSE,FALSE
F00-F09,"Organic, including symptomatic, mental disorders (F00-F09)",11623,2.3212595715391897,82,4.277777777777778,0.5426321076325379,-0.4690927395618065,214,233,249,-19,-35,FALSE,FALSE
A00-A09,Intestinal infectious diseases  (A00-A09),414,2.316425120772947,75,4.083333333333334,0.5672877846790889,-0.34427992852425726,215,225,220,-10,-5,FALSE,FALSE
K46,Unspecified abdominal hernia (K46),51,2.313725490196078,70,3.9444444444444446,0.5865782932891466,-0.25480484705713913,216,219,211,-3,5,FALSE,FALSE
G04,"Encephalitis, myelitis and encephalomyelitis (G04)",74,2.297297297297298,80,4.222222222222222,0.5440967283072548,-0.44321287652019226,217,232,244,-15,-27,FALSE,FALSE
K26,Duodenal ulcer (K26),163,2.2699386503067487,70,3.9444444444444446,0.5754774043031193,-0.27391103396697014,218,222,215,-4,3,FALSE,FALSE
I33,Acute and subacute endocarditis (I33),216,2.263888888888889,80,4.222222222222222,0.5361842105263158,-0.45786213857557745,219,235,246,-16,-27,FALSE,FALSE
F01,Vascular dementia (F01),2092,2.223231357552581,85,4.361111111111111,0.5097855342158785,-0.5666257071109042,220,245,281,-25,-61,FALSE,FALSE
K80,Cholelithiasis (K80),136,2.1838235294117645,70,3.9444444444444446,0.5536454018227008,-0.3125865857318305,221,230,217,-9,4,FALSE,FALSE
G00-G99,CHAPTER VI Diseases of the nervous system (G00-G99),12544,2.161591198979592,80,4.222222222222222,0.5119558102846402,-0.5041016036813125,222,244,255,-22,-33,FALSE,FALSE
D00-D48,Other Neoplasms (D00-D48),1413,2.1578202406227884,75,4.083333333333334,0.528445773213744,-0.4152064652786538,223,236,236,-13,-13,FALSE,FALSE
I63,Cerebral infarction (I63),1529,2.1236102027468933,80,4.222222222222222,0.5029603111768958,-0.5218286541925009,224,247,263,-23,-39,FALSE,FALSE
K43,Ventral hernia (K43),58,2.1206896551724137,70,3.9444444444444446,0.5376396308887809,-0.34192249397248,225,234,219,-9,6,FALSE,FALSE
D46,Myelodysplastic syndromes (D46),539,2.120593692022263,75,4.083333333333334,0.5193290674340235,-0.43260893669656786,226,238,242,-12,-16,FALSE,FALSE
X45,Accidental poisoning by and exposure to alcohol (X45),142,2.112676056338028,40,3.111111111111111,0.6790744466800804,0.19813872295988122,227,195,155,32,72,FALSE,FALSE
D37-D48,Neoplasms of uncertain or unknown behaviour (D37-D48),1240,2.1032258064516127,75,4.083333333333334,0.5150757077024357,-0.4408327651349202,228,240,243,-12,-15,FALSE,FALSE
X85-Y09,Assault (X85-Y09),267,2.093632958801498,40,3.111111111111111,0.6729534510433387,0.18908412065979052,229,199,156,30,73,FALSE,FALSE
F03,Unspecified dementia (F03),9459,2.0896500687176234,85,4.361111111111111,0.47915542976964615,-0.6285907904272289,230,251,291,-21,-61,FALSE,FALSE
K44,Diaphragmatic hernia (K44),114,2.070175438596491,70,3.9444444444444446,0.5248332097850259,-0.36603048216736356,231,237,226,-6,5,FALSE,FALSE
G72,Other myopathies (G72),58,2.068965517241379,80,4.222222222222222,0.49001814882032657,-0.547897488130658,232,248,275,-16,-43,FALSE,FALSE
A09,Other gastroenteritis and colitis of infectious and unspecified origin (A09),283,2.0636042402826855,75,4.083333333333334,0.5053724670080045,-0.4598509443973917,233,246,247,-13,-14,FALSE,FALSE
Q00-Q99,"CHAPTER XVII Congenital malformations, deformations and chromosomal abnormalities (Q00-Q99)",650,2.0507692307692307,5,2.138888888888889,0.9588011988011987,0.8028865986812889,234,151,72,83,162,FALSE,FALSE
K40,Inguinal hernia (K40),72,2.0416666666666665,70,3.9444444444444446,0.5176056338028169,-0.3798973710357971,235,239,228,-4,7,FALSE,FALSE
M72,Fibroblastic disorders (M72),59,2.0338983050847457,80,4.222222222222222,0.4817127564674398,-0.5649919214899579,236,249,280,-13,-44,FALSE,FALSE
K40-K46,Hernia (K40-K46),355,2.0253521126760563,70,3.9444444444444446,0.5134695496925213,-0.38792027055284717,237,242,230,-5,7,FALSE,FALSE
K85,Acute pancreatitis (K85),281,2.0249110320284696,70,3.9444444444444446,0.5133577264297529,-0.38813807400589295,238,243,231,-5,7,FALSE,FALSE
Q00-Q07,Congenital malformations of the nervous system (Q00-Q07),55,2,5,2.138888888888889,0.935064935064935,0.7778188219522083,239,154,78,85,161,FALSE,FALSE
X59,Exposure to unspecified factor (X59),1156,1.9792387543252592,40,3.111111111111111,0.6361838853188333,0.13289560917230647,240,206,164,34,76,FALSE,FALSE
X58-X59,Accidental exposure to other and unspecified factors (X58-X59),1160,1.9758620689655173,40,3.111111111111111,0.6350985221674877,0.13118809963916078,241,207,166,34,75,FALSE,FALSE
D32,Benign neoplasm of meninges (D32),113,1.9646017699115044,75,4.083333333333334,0.4811269640599602,-0.5090154664224423,242,250,256,-8,-14,FALSE,FALSE
G80,Cerebral palsy (G80),132,1.946969696969697,80,4.222222222222222,0.4611244019138756,-0.6086720580574355,243,254,288,-11,-45,FALSE,FALSE
D48,Neoplasm of uncertain or unknown behaviour of other and unspecified sites (D48),54,1.9259259259259256,75,4.083333333333334,0.4716553287981858,-0.5288981770052831,244,252,266,-8,-22,FALSE,FALSE
G70-G73,Diseases of myoneural junction and muscle (G70-G73),251,1.8884462151394423,80,4.222222222222222,0.44726357726986793,-0.6391918378029918,245,256,294,-11,-49,FALSE,FALSE
M46,Other inflammatory spondylopathies (M46),64,1.875,80,4.222222222222222,0.444078947368421,-0.6463375609439104,246,258,295,-12,-49,FALSE,FALSE
C88,Malignant immunoproliferative diseases (C88),54,1.8703703703703705,72,4,0.4675925925925926,-0.5037838448350542,247,253,254,-6,-7,FALSE,FALSE
J84,Other interstitial pulmonary diseases (J84),1707,1.8699472759226712,82,4.277777777777778,0.4371305320338712,-0.6852924609045868,248,262,304,-14,-56,FALSE,FALSE
G31,"Other degenerative diseases of nervous system, not elsewhere classified (G31)",874,1.8695652173913044,80,4.222222222222222,0.44279176201373,-0.6492403206018716,249,260,296,-11,-47,FALSE,FALSE
I11,Hypertensive heart disease (I11),1114,1.8563734290843803,82,4.277777777777778,0.43395742498076423,-0.6925778815387553,250,264,306,-14,-56,FALSE,FALSE
V01-Y98,CHAPTER XX External causes of morbidity and mortality (V01-Y98),13307,1.853460584654693,40,3.111111111111111,0.5957551879247227,0.06723778392718471,251,214,173,37,78,FALSE,FALSE
I62,Other nontraumatic intracranial haemorrhage (I62),1095,1.8465753424657536,80,4.222222222222222,0.4373467916366258,-0.6616134630364688,252,261,298,-9,-46,FALSE,FALSE
G35-G37,Demyelinating diseases of the central nervous system (G35-G37),207,1.821256038647343,80,4.222222222222222,0.43135011441647597,-0.6754198261836427,253,265,301,-12,-48,FALSE,FALSE
I13,Hypertensive heart and renal disease (I13),493,1.795131845841785,82,4.277777777777778,0.4196412107162615,-0.7261242257146061,254,271,314,-17,-60,FALSE,FALSE
G20,Parkinson disease (G20),2599,1.7941515967679875,80,4.222222222222222,0.42493064133978653,-0.690413958199454,255,267,305,-12,-50,FALSE,FALSE
M00-M03,Infectious arthropathies (M00-M03),193,1.787564766839378,80,4.222222222222222,0.4233706026724842,-0.6940919922398104,256.5,268.5,307.5,-12,-51,FALSE,FALSE
M00,Pyogenic arthritis (M00),193,1.787564766839378,80,4.222222222222222,0.4233706026724842,-0.6940919922398104,256.5,268.5,307.5,-12,-51,FALSE,FALSE
Q60-Q64,Congenital malformations of the urinary system (Q60-Q64),88,1.7840909090909092,5,2.138888888888889,0.834120425029516,0.6635806322623646,258,163,91,95,167,FALSE,FALSE
W79,Inhalation and ingestion of food causing obstruction of respiratory tract (W79),100,1.78,70,3.9444444444444446,0.4512676056338028,-0.5170504744944843,259,255,258,4,1,FALSE,FALSE
C91,Lymphoid leukaemia (C91),496,1.7741935483870968,72,4,0.4435483870967742,-0.5565743343647147,260,259,279,1,-19,FALSE,FALSE
G11,Hereditary ataxia (G11),53,1.7735849056603774,80,4.222222222222222,0.4200595829195631,-0.7019433516484024,261,270,310,-9,-49,FALSE,FALSE
G35,Multiple sclerosis (G35),197,1.766497461928934,80,4.222222222222222,0.41838097782527384,-0.7059474693297987,262,272,311,-10,-49,FALSE,FALSE
I71,Aortic aneurysm and dissection (I71),1052,1.754752851711027,80,4.222222222222222,0.41559935961576955,-0.712618198601142,263,274,312,-11,-49,FALSE,FALSE
G20-G26,Extrapyramidal and movement disorders (G20-G26),3056,1.7464005235602094,80,4.222222222222222,0.41362117663268116,-0.7173893943187508,264,275,313,-11,-49,FALSE,FALSE
E85,Amyloidosis (E85),429,1.7435897435897436,75,4.083333333333334,0.4270015698587127,-0.6283589705359208,265,266,290,-1,-25,FALSE,FALSE
K81,Cholecystitis (K81),273,1.7142857142857142,70,3.9444444444444446,0.43460764587525147,-0.5546673380657912,266,263,278,3,-12,FALSE,FALSE
Q61,Cystic kidney disease (Q61),66,1.7121212121212122,5,2.138888888888889,0.8004722550177096,0.6224047180781781,267,169,100,98,167,FALSE,FALSE
I61,Intracerebral haemorrhage (I61),1348,1.6921364985163203,80,4.222222222222222,0.40076917070123375,-0.7489542895541489,268,278,317,-10,-49,FALSE,FALSE
C44,Other malignant neoplasms of skin (C44),818,1.665036674816626,72,4,0.4162591687041565,-0.6200731650053286,269,273,289,-4,-20,FALSE,FALSE
C82,Follicular lymphoma (C82),96,1.6458333333333333,72,4,0.4114583333333333,-0.6316734735529088,270,276,292,-6,-22,FALSE,FALSE
D37,Neoplasm of uncertain or unknown behaviour of oral cavity and digestive organs (D37),122,1.6311475409836065,75,4.083333333333334,0.39946470391435257,-0.6950212495911454,271,280,309,-9,-38,FALSE,FALSE
G30-G32,Other degenerative diseases of the nervous system (G30-G32),6872,1.6299476135040745,80,4.222222222222222,0.386040224250965,-0.7863983450186363,272,285,325,-13,-53,FALSE,FALSE
J10,Influenza due to other identified influenza virus (J10),714,1.6274509803921569,82,4.277777777777778,0.3804430863254393,-0.8241877216075735,273,287,332,-14,-59,FALSE,FALSE
X67,Intentional self-poisoning by and exposure to other gases and vapours (X67),110,1.6272727272727272,42,3.166666666666667,0.5138755980861244,-0.09916773036028154,274,241,190,33,84,FALSE,FALSE
J11,"Influenza, virus not identified (J11)",111,1.6126126126126126,82,4.277777777777778,0.37697437697437697,-0.8333470921514248,275,288,334,-13,-59,FALSE,FALSE
C14,"Malignant neoplasm of other and ill-defined sites in the lip, oral cavity and pharynx (C14)",51,1.607843137254902,72,4,0.4019607843137255,-0.655026700572112,276,277,297,-1,-21,FALSE,FALSE
I21,Acute myocardial infarction (I21),5543,1.6076132058452102,80,4.222222222222222,0.38075049612123396,-0.8001956221733693,277,286,329,-9,-52,FALSE,FALSE
G30,Alzheimer's disease (G30),5998,1.595031677225742,85,4.361111111111111,0.3657397476441192,-0.8986938147809747,278,291,345,-13,-67,FALSE,FALSE
C81,Hodgkin lymphoma (C81),95,1.5894736842105264,72,4,0.3973684210526316,-0.6665173698976559,279,281,299,-2,-20,FALSE,FALSE
C85,Other and unspecified types of non-Hodgkin lymphoma (C85),789,1.5817490494296578,72,4,0.39543726235741444,-0.6713890870285406,280,282,300,-2,-20,FALSE,FALSE
K70,Alcoholic liver disease (K70),1062,1.57909604519774,70,3.9444444444444446,0.40033420864168057,-0.6368112787771534,281,279,293,2,-12,FALSE,FALSE
C61,Malignant neoplasm of prostate (C61),3835,1.5671447196870925,72,4,0.3917861799217731,-0.6806650013841428,282,283,302,-1,-20,FALSE,FALSE
C60-C63,Malignant neoplasms of male genital organs  (C60-C63),3899,1.5629648627853296,72,4,0.3907412156963324,-0.6833357445489823,283,284,303,-1,-20,FALSE,FALSE
Q90-Q99,"Chromosomal abnormalities, not elsewhere classified (Q90-Q99)",190,1.5578947368421052,5,2.138888888888889,0.7283663704716337,0.5280070235558373,284,184,107,100,177,FALSE,FALSE
G71,Primary disorders of muscles (G71),128,1.5,80,4.222222222222222,0.35526315789473684,-0.8694811122581201,285,300.5,339,-15.5,-54,FALSE,FALSE
P00-P04,"Fetus and newborn affected by maternal factors and by complications of pregnancy, labour and delivery (P00-P04)",302,1.4834437086092715,0,2,0.7417218543046358,0.5696790472162817,286,181,104,105,182,FALSE,FALSE
C73,Malignant neoplasm of thyroid gland (C73),149,1.483221476510067,72,4,0.37080536912751677,-0.7357039195397457,287,289,315,-2,-28,FALSE,FALSE
C00-D48,CHAPTER II Neoplasms (C00-D48),52819,1.457562619511918,72,4,0.3643906548779795,-0.7531547131478993,288,292,318,-4,-30,FALSE,FALSE
C43-C44,Melanoma and other malignant neoplasms of skin  (C43-C44),2301,1.453715775749674,72,4,0.3634289439374185,-0.7557974325850765,289,294,319,-5,-30,FALSE,FALSE
C93,Monocytic leukaemia (C93),157,1.4458598726114649,72,4,0.3614649681528662,-0.7612161029789448,290,296,320,-6,-30,FALSE,FALSE
C67,Malignant neoplasm of bladder (C67),1189,1.445752733389403,72,4,0.36143818334735073,-0.7612902064199719,291,297,321,-6,-30,FALSE,FALSE
C00-C97,Malignant neoplasms  (C00-C97),51406,1.438314593627203,72,4,0.35957864840680076,-0.7664483080940341,292,298,322,-6,-30,FALSE,FALSE
W00-X59,Other external causes of accidental injury (W00-X59),7732,1.4279617175375066,70,3.9444444444444446,0.362018463601058,-0.7374157836875626,293,295,316,-2,-23,FALSE,FALSE
C32,Malignant neoplasm of larynx (C32),200,1.42,72,4,0.355,-0.7792634434988701,294,302,323,-8,-29,FALSE,FALSE
C26,Malignant neoplasm of other and ill-defined digestive organs (C26),1089,1.4123048668503213,72,4,0.3530762167125803,-0.7846972879794106,295,304,324,-9,-29,FALSE,FALSE
Q90,Down syndrome (Q90),127,1.4015748031496065,5,2.138888888888889,0.655281726147868,0.42226810522575703,296,203,125,93,171,FALSE,FALSE
D43,Neoplasm of uncertain or unknown behaviour of brain and central nervous system (D43),116,1.396551724137931,75,4.083333333333334,0.3420126671358198,-0.8502988854563618,297,310,337,-13,-40,FALSE,FALSE
C50,Malignant neoplasm of breast  (C50),3203,1.3961910708710583,72,4,0.3490477677177646,-0.7961724498862626,298.5,305.5,326.5,-7,-28,FALSE,FALSE
C50,Malignant neoplasm of breast (C50),3203,1.3961910708710583,72,4,0.3490477677177646,-0.7961724498862626,298.5,305.5,326.5,-7,-28,FALSE,FALSE
C73-C75,Malignant neoplasms of thyroid and other endocrine glands  (C73-C75),205,1.395121951219512,72,4,0.348780487804878,-0.796938483430595,300,307,328,-7,-28,FALSE,FALSE
X30-X39,Exposure to forces of nature (X30-X39),59,1.3898305084745763,40,3.111111111111111,0.4467312348668281,-0.22063489073652537,301,257,204,44,97,FALSE,FALSE
P02,"Fetus and newborn affected by complications of placenta, cord and membranes (P02)",95,1.3789473684210527,0,2,0.6894736842105263,0.49663326377677697,302,191,109,111,193,FALSE,FALSE
I60,Subarachnoid haemorrhage (I60),620,1.3725806451612903,80,4.222222222222222,0.3250848896434635,-0.9582535698320476,303,330,363,-27,-60,FALSE,FALSE
C81-C96,"Malignant neoplasms, stated or presumed to be primary, of lymphoid, haematopoietic and related tissue (C81-C96)",5163,1.3714894441216348,72,4,0.3428723610304087,-0.8140229803399145,304,309,330,-5,-26,FALSE,FALSE
P01,Fetus and newborn affected by maternal complications of pregnancy (P01),117,1.3675213675213675,0,2,0.6837606837606838,0.48831271261223697,305,192,114,113,191,FALSE,FALSE
C95,Leukaemia of unspecified cell type (C95),132,1.3636363636363635,72,4,0.3409090909090909,-0.8197653868082,306,311,331,-5,-25,FALSE,FALSE
C64-C68,Malignant neoplasms of urinary tract  (C64-C68),2830,1.3466431095406362,72,4,0.33666077738515904,-0.8323054048754623,307,314,333,-7,-26,FALSE,FALSE
C09,Malignant neoplasm of tonsil (C09),106,1.339622641509434,72,4,0.3349056603773585,-0.8375323516228457,308,316,335,-8,-27,FALSE,FALSE
C43,Malignant melanoma of skin (C43),1483,1.337154416722859,72,4,0.33428860418071477,-0.8393765287301755,309,317,336,-8,-27,FALSE,FALSE
C64,"Malignant neoplasm of kidney, except renal pelvis (C64)",1027,1.3106134371957157,72,4,0.3276533592989289,-0.8594250148359246,310,327,338,-17,-28,FALSE,FALSE
G10,Huntington disease (G10),90,1.3,80,4.222222222222222,0.3078947368421053,-1.0125819558987934,311,352,379,-41,-68,FALSE,FALSE
C07,Malignant neoplasm of parotid gland (C07),85,1.2941176470588236,72,4,0.3235294117647059,-0.8720912058099395,312,333,340,-21,-28,FALSE,FALSE
G23,Other degenerative diseases of basal ganglia (G23),424,1.2924528301886793,80,4.222222222222222,0.3061072492552135,-1.0184043886502265,313,356,382,-43,-69,FALSE,FALSE
C90,Multiple myeloma and malignant plasma cell neoplasms (C90),1074,1.286778398510242,72,4,0.3216945996275605,-0.8777785858532343,314,336,341,-22,-27,FALSE,FALSE
C24,Malignant neoplasm of other and unspecified parts of biliary tract (C24),155,1.2838709677419355,72,4,0.3209677419354839,-0.8800406073067936,315,339,342,-24,-27,FALSE,FALSE
I12,Hypertensive renal disease (I12),411,1.2798053527980535,82,4.277777777777778,0.29917527727746707,-1.0644946984383703,316,362,402,-46,-86,FALSE,FALSE
C20,Malignant neoplasm of rectum (C20),702,1.2678062678062678,72,4,0.31695156695156695,-0.892632256411665,317,342,343,-25,-26,FALSE,FALSE
C02,Malignant neoplasm of other and unspecified parts of tongue (C02),210,1.261904761904762,72,4,0.3154761904761905,-0.8972980198432857,318,346,344,-28,-26,FALSE,FALSE
C18,Malignant neoplasm of colon (C18),1427,1.2599859845830417,72,4,0.3149964961457604,-0.8988197175573099,319,347,346,-28,-27,FALSE,FALSE
C06,Malignant neoplasm of other and unspecified parts of mouth (C06),110,1.2545454545454546,72,4,0.31363636363636366,-0.9031469957472509,320,348,347,-28,-27,FALSE,FALSE
C00-C14,"Malignant neoplasms of lip, oral cavity and pharynx  (C00-C14)",1069,1.2535079513564078,72,4,0.31337698783910195,-0.9039743331921276,321,349,348,-28,-27,FALSE,FALSE
A80-A89,Viral infections of the central nervous system  (A80-A89),92,1.2391304347826086,75,4.083333333333334,0.30346051464063883,-0.9698951582369261,322,357,365,-35,-43,FALSE,FALSE
C84,Mature T/NK-cell lymphomas (C84),139,1.237410071942446,72,4,0.3093525179856115,-0.9168997714292783,323,350,349,-27,-26,FALSE,FALSE
C83,Non-follicular lymphoma (C83),725,1.2317241379310344,72,4,0.3079310344827586,-0.9215053890902152,324,351,350,-27,-26,FALSE,FALSE
C03,Malignant neoplasm of gum (C03),74,1.2297297297297298,72,4,0.30743243243243246,-0.923125901799359,325,353,351,-28,-26,FALSE,FALSE
C76,Malignant neoplasm of other and ill-defined sites (C76),154,1.2272727272727273,72,4,0.3068181818181818,-0.9251259024660261,326,354,352,-28,-26,FALSE,FALSE
C21,Malignant neoplasm of anus and anal canal (C21),128,1.2265625,72,4,0.306640625,-0.9257047736833485,327,355,353,-28,-26,FALSE,FALSE
C68,Malignant neoplasm of other and unspecified urinary organs (C68),589,1.2071307300509335,72,4,0.3017826825127334,-0.9416740689603854,328,358,356,-30,-28,FALSE,FALSE
C80,"Malignant neoplasm, without specification of site (C80)",2910,1.2054982817869415,72,4,0.3013745704467354,-0.943027321785504,329,359,357,-30,-28,FALSE,FALSE
C55,"Malignant neoplasm of uterus, part unspecified (C55)",191,1.2041884816753927,72,4,0.3010471204188482,-0.9441144342354738,330,360,358,-30,-28,FALSE,FALSE
C92,Myeloid leukaemia (C92),1328,1.1957831325301205,72,4,0.2989457831325301,-0.9511190033413375,331,363,360,-32,-29,FALSE,FALSE
C49,Malignant neoplasm of other connective and soft tissue (C49),349,1.191977077363897,72,4,0.2979942693409742,-0.9543069770532032,332,364,361,-32,-29,FALSE,FALSE
C69,Malignant neoplasm of eye and adnexa (C69),53,1.1886792452830188,72,4,0.2971698113207547,-0.9570775022726286,333,365,362,-32,-29,FALSE,FALSE
W19,Unspecified fall (W19),3404,1.18213866039953,70,3.9444444444444446,0.2996971251717118,-0.9263386167121676,334,361,354,-27,-20,FALSE,FALSE
A81,Slow virus infections of central nervous system (A81),73,1.178082191780822,75,4.083333333333334,0.28850992451775226,-1.0204171744772645,335,372,384,-37,-49,FALSE,FALSE
C10,Malignant neoplasm of oropharynx (C10),142,1.176056338028169,72,4,0.29401408450704225,-0.967753560296545,336,367,364,-31,-28,FALSE,FALSE
G10-G14,Systemic atrophies primarily affecting the central nervous system (G10-G14),953,1.1731374606505771,80,4.222222222222222,0.27784834594355773,-1.1152644703054422,337,386,407,-49,-70,FALSE,FALSE
C51,Malignant neoplasm of vulva (C51),116,1.1724137931034482,72,4,0.29310344827586204,-0.9708556204823521,338,369,366,-31,-28,FALSE,FALSE
C54,Malignant neoplasm of corpus uteri (C54),505,1.1702970297029702,72,4,0.29257425742574256,-0.9726627269813011,339,370,367,-31,-28,FALSE,FALSE
W20-W49,Exposure to inanimate mechanical forces (W20-W49),102,1.1666666666666667,70,3.9444444444444446,0.29577464788732394,-0.9395131589712197,340,366,355,-26,-15,FALSE,FALSE
W00-W19,Falls (W00-W19),4273,1.1572665574537797,70,3.9444444444444446,0.29339152160800047,-0.9476030303856904,341,368,359,-27,-18,FALSE,FALSE
C53,Malignant neoplasm of cervix uteri (C53),248,1.157258064516129,72,4,0.28931451612903225,-0.9838668455174004,342,371,368,-29,-26,FALSE,FALSE
X40-X49,Accidental poisoning by and exposure to noxious substances (X40-X49),1534,1.1531942633637549,40,3.111111111111111,0.3706695846526355,-0.4072809818624753,343,290,234,53,109,FALSE,FALSE
C11,Malignant neoplasm of nasopharynx (C11),66,1.1515151515151516,72,4,0.2878787878787879,-0.9888417168521337,344,373,370,-29,-26,FALSE,FALSE
I08,Multiple valve diseases (I08),112,1.1428571428571428,80,4.222222222222222,0.2706766917293233,-1.141414827741762,345,395,408,-50,-63,FALSE,FALSE
C15-C26,Malignant neoplasms of digestive organs  (C15-C26),15035,1.142600598603259,72,4,0.28565014965081476,-0.9966134239082234,346,374,371,-28,-25,FALSE,FALSE
C30-C39,Malignant neoplasms of respiratory and intrathoracic organs  (C30-C39),9437,1.1419942778425347,72,4,0.2854985694606337,-0.9971442145365407,347,375,372,-28,-25,FALSE,FALSE
C01,Malignant neoplasm of base of tongue (C01),71,1.1408450704225352,72,4,0.2852112676056338,-0.998151037480916,348,376,373,-28,-25,FALSE,FALSE
C34,Malignant neoplasm of bronchus and lung (C34),9113,1.1362888181718425,72,4,0.2840722045429606,-1.0021527857784815,349,377,374,-28,-25,FALSE,FALSE
C51-C58,Malignant neoplasms of female genital organs  (C51-C58),2238,1.1340482573726542,72,4,0.28351206434316356,-1.0041265557095769,350,378,376,-28,-26,FALSE,FALSE
X60-Y36,Other external causes of mortality (X60-Y36),3916,1.1320224719101124,40,3.111111111111111,0.36386436597110755,-0.4258108630004065,351,293,239,58,112,FALSE,FALSE
C19,Malignant neoplasm of rectosigmoid junction (C19),2212,1.1315551537070525,72,4,0.2828887884267631,-1.0063273863224906,352,379,377,-27,-25,FALSE,FALSE
C57,Malignant neoplasm of other and unspecified female genital organs (C57),100,1.13,72,4,0.2825,-1.0077026823877904,353,380,378,-27,-25,FALSE,FALSE
X71,Intentional self-harm by drowning and submersion (X71),56,1.125,42,3.166666666666667,0.35526315789473684,-0.4682901347522368,354,300.5,248,53.5,106,FALSE,FALSE
C40-C41,Malignant neoplasms of bone and articular cartilage  (C40-C41),105,1.1238095238095238,72,4,0.28095238095238095,-1.013196040803898,355,382,380,-27,-25,FALSE,FALSE
C22,Malignant neoplasm of liver and intrahepatic bile ducts (C22),2452,1.121125611745514,72,4,0.2802814029363785,-1.0155871240028955,356,383,381,-27,-25,FALSE,FALSE
X61,"Intentional self-poisoning by and exposure to antiepileptic, sedative-hypnotic, antiparkinsonism and psychotropic drugs, not elsewhere classified (X61)",84,1.119047619047619,42,3.166666666666667,0.3533834586466165,-0.47359518698193,357,303,251,54,106,FALSE,FALSE
C45-C49,Malignant neoplasms of mesothelial and soft tissue  (C45-C49),1113,1.1176999101527405,72,4,0.2794249775381851,-1.0186473930884594,358,384,383,-26,-25,FALSE,FALSE
C17,Malignant neoplasm of small intestine (C17),176,1.1136363636363635,72,4,0.2784090909090909,-1.022289650919674,359,385,385,-26,-26,FALSE,FALSE
W07,Fall involving chair (W07),53,1.1132075471698113,70,3.9444444444444446,0.28222163167685355,-0.9864183084448804,360,381,369,-21,-9,FALSE,FALSE
C41,Malignant neoplasm of bone and articular cartilage of other and unspecified sites (C41),100,1.11,72,4,0.2775,-1.0255602997877966,361,388,386,-27,-25,FALSE,FALSE
X41,"Accidental poisoning by and exposure to antiepileptic, sedative-hypnotic, antiparkinsonism and psychotropic drugs, not elsewhere classified (X41)",330,1.106060606060606,40,3.111111111111111,0.35551948051948046,-0.4490119949730936,362,299,245,63,117,FALSE,FALSE
C48,Malignant neoplasm of retroperitoneum and peritoneum (C48),85,1.1058823529411763,72,4,0.2764705882352941,-1.029276789332352,363,389,387,-26,-24,FALSE,FALSE
C13,Malignant neoplasm of hypopharynx (C13),57,1.105263157894737,72,4,0.27631578947368424,-1.0298368565550569,364,390,388,-26,-24,FALSE,FALSE
C15,Malignant neoplasm of oesophagus (C15),1438,1.0966620305980528,72,4,0.2741655076495132,-1.037649266429993,365,391,390,-26,-25,FALSE,FALSE
W65-W74,Accidental drowning and submersion (W65-W74),230,1.0956521739130434,70,3.9444444444444446,0.2777709736680955,-1.0023140602102503,366,387,375,-21,-9,FALSE,FALSE
C56,Malignant neoplasm of ovary (C56),1045,1.0947368421052632,72,4,0.2736842105263158,-1.0394063075712074,367,392,393,-25,-26,FALSE,FALSE
G12,Spinal muscular atrophy and related syndromes (G12),806,1.0930521091811414,80,4.222222222222222,0.25888076270079663,-1.1859723369367332,368,408,409,-40,-41,FALSE,FALSE
C23,Malignant neoplasm of gallbladder (C23),181,1.0883977900552486,72,4,0.27209944751381215,-1.0452136176398765,369,393,397,-24,-28,FALSE,FALSE
C16,Malignant neoplasm of stomach (C16),1202,1.086522462562396,72,4,0.271630615640599,-1.046938120370816,370,394,399,-24,-29,FALSE,FALSE
X00-X09,"Exposure to smoke, fire and flames (X00-X09)",73,1.082191780821918,40,3.111111111111111,0.3478473581213308,-0.47082828277642863,371,308,250,63,121,FALSE,FALSE
C45,Mesothelioma (C45),664,1.0783132530120485,72,4,0.2695783132530121,-1.0545222976278272,372,396,400,-24,-28,FALSE,FALSE
X60-X84,Intentional self-harm (X60-X84),3305,1.0614220877458396,42,3.166666666666667,0.33518592244605455,-0.5264635692023334,373,315,265,58,108,FALSE,FALSE
Y10-Y34,Event of undetermined intent (Y10-Y34),330,1.0606060606060606,70,3.9444444444444446,0.2688860435339308,-1.0348233387755448,374,397,389,-23,-15,FALSE,FALSE
W10,Fall on and from stairs and steps (W10),105,1.0571428571428572,70,3.9444444444444446,0.2680080482897384,-1.0380939876436672,375,398,391,-23,-16,FALSE,FALSE
Y14,"Poisoning by and exposure to other and unspecified drugs, medicaments and biological substances, undetermined intent (Y14)",71,1.056338028169014,70,3.9444444444444446,0.26780400714144015,-1.0388556023034832,376,399,392,-23,-16,FALSE,FALSE
X64,"Intentional self-poisoning by and exposure to other and unspecified drugs, medicaments and biological substances (X64)",268,1.0559701492537314,42,3.166666666666667,0.33346425765907306,-0.5316132532762392,377,318,268,59,109,FALSE,FALSE
X42,"Accidental poisoning by and exposure to narcotics and psychodysleptics [hallucinogens], not elsewhere classified (X42)",239,1.0543933054393306,40,3.111111111111111,0.3389121338912134,-0.49685115851514633,378,312,252,66,126,FALSE,FALSE
Y04,Assault by bodily force (Y04),59,1.0508474576271187,70,3.9444444444444446,0.2664120315111005,-1.0440668976591059,379,400,394,-21,-15,FALSE,FALSE
C25,Malignant neoplasm of pancreas (C25),3873,1.050606764781823,72,4,0.26265169119545573,-1.0805524466251015,380,404,403,-24,-23,FALSE,FALSE
C69-C72,"Malignant neoplasms of eye, brain and other parts of central nervous system (C69-C72)",1744,1.0504587155963303,72,4,0.2626146788990826,-1.0806933743468887,381,405,404,-24,-23,FALSE,FALSE
W69,Drowning and submersion while in natural water (W69),119,1.050420168067227,70,3.9444444444444446,0.26630370458042374,-1.0444735946077062,382,401,395,-19,-13,FALSE,FALSE
W01,"Fall on same level from slipping, tripping and stumbling (W01)",298,1.0503355704697988,70,3.9444444444444446,0.2662822573022025,-1.0445541347637293,383,402,396,-19,-13,FALSE,FALSE
W06,Fall involving bed (W06),101,1.0495049504950495,70,3.9444444444444446,0.26607167759029426,-1.0453452615276704,384,403,398,-19,-14,FALSE,FALSE
V80-V89,Other land transport accidents (V80-V89),126,1.0476190476190477,40,3.111111111111111,0.336734693877551,-0.5032966784601661,385.5,313,253,72.5,132.5,FALSE,FALSE
X78,Intentional self-harm by sharp object (X78),126,1.0476190476190477,42,3.166666666666667,0.3308270676691729,-0.5395531547737273,385.5,323,271,62.5,114.5,FALSE,FALSE
C71,Malignant neoplasm of brain (C71),1663,1.0432952495490078,72,4,0.26082381238725194,-1.0875361019240075,387,407,405,-20,-18,FALSE,FALSE
W18,Other fall on same level (W18),171,1.0350877192982455,70,3.9444444444444446,0.26241660489251295,-1.0591776627273088,388,406,401,-18,-13,FALSE,FALSE
V47,Car occupant injured in collision with fixed or stationary object (V47),238,1.0336134453781514,40,3.111111111111111,0.33223289315726295,-0.5167558318341708,389,319,257,70,132,FALSE,FALSE
X99,Assault by sharp object (X99),97,1.0309278350515465,40,3.111111111111111,0.3313696612665685,-0.5193574866103504,390,320,259,70,131,FALSE,FALSE
V40-V49,Car occupant injured in transport accident (V40-V49),630,1.03015873015873,40,3.111111111111111,0.3311224489795918,-0.5201037967765475,391,321,260,70,131,FALSE,FALSE
V43,"Car occupant injured in collision with car, pick-up truck or van (V43)",200,1.03,40,3.111111111111111,0.33107142857142857,-0.5202578918535147,392,322,261,70,131,FALSE,FALSE
X44,"Accidental poisoning by and exposure to other and unspecified drugs, medicaments and biological substances (X44)",795,1.0289308176100629,40,3.111111111111111,0.3307277628032345,-0.5212964721466439,393,324,262,69,131,FALSE,FALSE
V01-V99,Transport accidents (V01-V99),1448,1.024171270718232,40,3.111111111111111,0.329197908445146,-0.5259329249027886,394,325,264,69,130,FALSE,FALSE
V48,Car occupant injured in noncollision transport accident (V48),95,1.0210526315789474,40,3.111111111111111,0.32819548872180454,-0.528982607192217,395,326,267,69,128,FALSE,FALSE
X82,Intentional self-harm by crashing of motor vehicle (X82),51,1.0196078431372548,42,3.166666666666667,0.32198142414860675,-0.5666550845515188,396,335,282,61,114,FALSE,FALSE
V01-V09,Pedestrian injured in transport accident (V01-V09),222,1.018018018018018,40,3.111111111111111,0.32722007722007723,-0.5319590766950526,397,328,269,69,128,FALSE,FALSE
V44,Car occupant injured in collision with heavy transport vehicle or bus (V44),79,1.0126582278481011,40,3.111111111111111,0.32549728752260393,-0.5372379118881991,398,329,270,69,128,FALSE,FALSE
X80,Intentional self-harm by jumping from a high place (X80),177,1.0112994350282485,42,3.166666666666667,0.31935771632471,-0.5748370971416945,399,340,283,59,116,FALSE,FALSE
V20-V29,Motorcycle rider injured in transport accident (V20-V29),292,1.0102739726027397,40,3.111111111111111,0.3247309197651663,-0.539595140023521,400,331,272,69,128,FALSE,FALSE
X84,Intentional self-harm by unspecified means (X84),103,1.0097087378640777,42,3.166666666666667,0.31885539090444553,-0.5764112594968834,401,341,284,60,117,FALSE,FALSE
V23,"Motorcycle rider injured in collision with car, pick-up truck or van (V23)",120,1.0083333333333333,40,3.111111111111111,0.3241071428571428,-0.541517891280364,402,332,273,70,129,FALSE,FALSE
V03,"Pedestrian injured in collision with car, pick-up truck or van (V03)",154,1.0064935064935066,40,3.111111111111111,0.3235157699443414,-0.5433441795894416,403,334,274,69,129,FALSE,FALSE
X70,"Intentional self-harm by hanging, strangulation and suffocation (X70)",1930,1.0036269430051814,42,3.166666666666667,0.3169348241068994,-0.5824527889005556,404,343,285,61,119,FALSE,FALSE
R95-R99,Ill-defined and unknown causes of mortality (R95-R99),2138,1.0014031805425632,78,4.166666666666667,0.24033676333021514,-1.237287547048031,405,410,410,-5,-5,FALSE,FALSE
R99,Other ill-defined and unspecified causes of mortality (R99),2123,1,78,4.166666666666667,0.24,-1.2386897440527231,408.5,411,411,-2.5,-2.5,FALSE,FALSE
V27,Motorcycle rider injured in collision with fixed or stationary object (V27),90,1,40,3.111111111111111,0.3214285714285714,-0.5498166940950591,408.5,337.5,276.5,71,132,FALSE,FALSE
X00,Exposure to uncontrolled fire in building or structure (X00),59,1,40,3.111111111111111,0.3214285714285714,-0.5498166940950591,408.5,337.5,276.5,71,132,FALSE,FALSE
X73,"Intentional self-harm by rifle, shotgun and larger firearm discharge (X73)",114,1,42,3.166666666666667,0.3157894736842105,-0.5860731704086203,408.5,344.5,286.5,64,122,FALSE,FALSE
X81,Intentional self-harm by jumping or lying before moving object (X81),91,1,42,3.166666666666667,0.3157894736842105,-0.5860731704086203,408.5,344.5,286.5,64,122,FALSE,FALSE
Y34,"Unspecified event, undetermined intent (Y34)",113,1,70,3.9444444444444446,0.2535211267605634,-1.093663838798478,408.5,409,406,-0.5,2.5,FALSE,FALSE
